#pragma once

#include "bitmaps.h"

#include <stddef.h>
#include <stdint.h>

static const unsigned char glyph_0_data[] = {
    0x00, 0x00, 0x00, 0x7e, 0x81, 0x99, 0xa5, 0xa1,
    0xa5, 0x99, 0x81, 0x7e, 0x00, 0x00, 0x00, 0x00,
};

static const unsigned char glyph_1_data[] = {
    0x00, 0x00, 0x00, 0x7e, 0x81, 0xb9, 0xa5, 0xb9,
    0xa9, 0xa5, 0x81, 0x7e, 0x00, 0x00, 0x00, 0x00,
};

static const unsigned char glyph_2_data[] = {
    0x00, 0x00, 0x3c, 0x43, 0x42, 0x46, 0x4a, 0x52,
    0x62, 0x42, 0xc2, 0x3c, 0x00, 0x00, 0x00, 0x00,
};

static const unsigned char glyph_3_data[] = {
    0x00, 0x00, 0xfb, 0x55, 0x55, 0x51, 0x00, 0x00,
    0x00, 0x00, 0x00, 0x00, 0x00, 0x00, 0x00, 0x00,
};

static const unsigned char glyph_4_data[] = {
    0x00, 0x00, 0x00, 0x00, 0x10, 0x38, 0x7c, 0xfe,
    0x7c, 0x38, 0x10, 0x00, 0x00, 0x00, 0x00, 0x00,
};

static const unsigned char glyph_5_data[] = {
    0x00, 0x00, 0x3c, 0x42, 0x42, 0x42, 0x42, 0x7e,
    0x42, 0x42, 0x42, 0x42, 0x02, 0x04, 0x03, 0x00,
};

static const unsigned char glyph_6_data[] = {
    0x00, 0x00, 0x00, 0x00, 0x00, 0x3c, 0x02, 0x3e,
    0x42, 0x42, 0x42, 0x3e, 0x02, 0x04, 0x03, 0x00,
};

static const unsigned char glyph_7_data[] = {
    0x00, 0x00, 0x00, 0x00, 0x00, 0x00, 0x18, 0x3c,
    0x3c, 0x18, 0x00, 0x00, 0x00, 0x00, 0x00, 0x00,
};

static const unsigned char glyph_8_data[] = {
    0x00, 0x00, 0x02, 0x0f, 0x02, 0x3e, 0x42, 0x42,
    0x42, 0x42, 0x42, 0x3e, 0x00, 0x00, 0x00, 0x00,
};

static const unsigned char glyph_9_data[] = {
    0x00, 0x00, 0x7e, 0x40, 0x40, 0x40, 0x78, 0x40,
    0x40, 0x40, 0x40, 0x7e, 0x02, 0x04, 0x03, 0x00,
};

static const unsigned char glyph_10_data[] = {
    0x00, 0x00, 0x42, 0xff, 0x42, 0x42, 0x7e, 0x42,
    0x42, 0x42, 0x42, 0x42, 0x00, 0x00, 0x00, 0x00,
};

static const unsigned char glyph_11_data[] = {
    0x00, 0x00, 0x00, 0x00, 0x00, 0x42, 0x42, 0x42,
    0x42, 0x42, 0x42, 0x3e, 0x02, 0x04, 0x03, 0x00,
};

static const unsigned char glyph_12_data[] = {
    0x00, 0x00, 0x42, 0x42, 0x42, 0x42, 0x42, 0x42,
    0x42, 0x42, 0x42, 0x3f, 0x01, 0x01, 0x00, 0x00,
};

static const unsigned char glyph_13_data[] = {
    0x00, 0x00, 0x92, 0x92, 0x92, 0x92, 0x92, 0x92,
    0x92, 0x92, 0x92, 0x7f, 0x01, 0x01, 0x00, 0x00,
};

static const unsigned char glyph_14_data[] = {
    0x00, 0x00, 0x00, 0x00, 0x00, 0x42, 0x42, 0x42,
    0x42, 0x42, 0x42, 0x3f, 0x01, 0x01, 0x00, 0x00,
};

static const unsigned char glyph_15_data[] = {
    0x00, 0x00, 0x00, 0x00, 0x00, 0x92, 0x92, 0x92,
    0x92, 0x92, 0x92, 0x7f, 0x01, 0x01, 0x00, 0x00,
};

static const unsigned char glyph_16_data[] = {
    0x00, 0x00, 0x00, 0x00, 0x00, 0x24, 0x7e, 0xc3,
    0x7e, 0x24, 0x00, 0x00, 0x00, 0x00, 0x00, 0x00,
};

static const unsigned char glyph_17_data[] = {
    0x00, 0x00, 0x7c, 0x82, 0xaa, 0x82, 0x82, 0xba,
    0x92, 0x82, 0x82, 0x7c, 0x00, 0x00, 0x00, 0x00,
};

static const unsigned char glyph_18_data[] = {
    0x00, 0x00, 0x10, 0x38, 0x54, 0x10, 0x10, 0x10,
    0x10, 0x54, 0x38, 0x10, 0x00, 0x00, 0x00, 0x00,
};

static const unsigned char glyph_19_data[] = {
    0x00, 0x00, 0x24, 0x24, 0x24, 0x24, 0x24, 0x24,
    0x24, 0x00, 0x24, 0x24, 0x00, 0x00, 0x00, 0x00,
};

static const unsigned char glyph_20_data[] = {
    0x00, 0x00, 0x7e, 0x92, 0x92, 0x92, 0x92, 0x72,
    0x12, 0x12, 0x12, 0x12, 0x00, 0x00, 0x00, 0x00,
};

static const unsigned char glyph_21_data[] = {
    0x00, 0x38, 0x44, 0x40, 0x30, 0x48, 0x44, 0x44,
    0x24, 0x18, 0x04, 0x44, 0x38, 0x00, 0x00, 0x00,
};

static const unsigned char glyph_22_data[] = {
    0x00, 0x00, 0x7c, 0xfe, 0xd6, 0xfe, 0xfe, 0xc6,
    0xee, 0xfe, 0xfe, 0x7c, 0x00, 0x00, 0x00, 0x00,
};

static const unsigned char glyph_23_data[] = {
    0x00, 0x00, 0x10, 0x38, 0x54, 0x10, 0x10, 0x10,
    0x54, 0x38, 0x10, 0x7c, 0x00, 0x00, 0x00, 0x00,
};

static const unsigned char glyph_24_data[] = {
    0x00, 0x00, 0x10, 0x38, 0x54, 0x10, 0x10, 0x10,
    0x10, 0x10, 0x10, 0x10, 0x00, 0x00, 0x00, 0x00,
};

static const unsigned char glyph_25_data[] = {
    0x00, 0x00, 0x10, 0x10, 0x10, 0x10, 0x10, 0x10,
    0x10, 0x54, 0x38, 0x10, 0x00, 0x00, 0x00, 0x00,
};

static const unsigned char glyph_26_data[] = {
    0x00, 0x00, 0x00, 0x00, 0x00, 0x08, 0x04, 0xfe,
    0x04, 0x08, 0x00, 0x00, 0x00, 0x00, 0x00, 0x00,
};

static const unsigned char glyph_27_data[] = {
    0x00, 0x00, 0x00, 0x00, 0x00, 0x20, 0x40, 0xfe,
    0x40, 0x20, 0x00, 0x00, 0x00, 0x00, 0x00, 0x00,
};

static const unsigned char glyph_28_data[] = {
    0x00, 0x00, 0x00, 0x00, 0x40, 0x40, 0x40, 0x40,
    0x40, 0x7e, 0x00, 0x00, 0x00, 0x00, 0x00, 0x00,
};

static const unsigned char glyph_29_data[] = {
    0x00, 0x00, 0x00, 0x00, 0x00, 0x24, 0x42, 0xff,
    0x42, 0x24, 0x00, 0x00, 0x00, 0x00, 0x00, 0x00,
};

static const unsigned char glyph_30_data[] = {
    0x00, 0x00, 0x00, 0x10, 0x92, 0x54, 0x38, 0xee,
    0x38, 0x54, 0x92, 0x10, 0x00, 0x00, 0x00, 0x00,
};

static const unsigned char glyph_31_data[] = {
    0x00, 0x00, 0x00, 0x00, 0x44, 0x38, 0x44, 0x44,
    0x44, 0x38, 0x44, 0x00, 0x00, 0x00, 0x00, 0x00,
};

static const unsigned char glyph_32_data[] = {
    0x00, 0x00, 0x00, 0x00, 0x00, 0x00, 0x00, 0x00,
    0x00, 0x00, 0x00, 0x00, 0x00, 0x00, 0x00, 0x00,
};

static const unsigned char glyph_33_data[] = {
    0x00, 0x00, 0x10, 0x10, 0x10, 0x10, 0x10, 0x10,
    0x10, 0x00, 0x10, 0x10, 0x00, 0x00, 0x00, 0x00,
};

static const unsigned char glyph_34_data[] = {
    0x00, 0x24, 0x24, 0x24, 0x00, 0x00, 0x00, 0x00,
    0x00, 0x00, 0x00, 0x00, 0x00, 0x00, 0x00, 0x00,
};

static const unsigned char glyph_35_data[] = {
    0x00, 0x00, 0x24, 0x24, 0x24, 0x7e, 0x24, 0x24,
    0x7e, 0x24, 0x24, 0x24, 0x00, 0x00, 0x00, 0x00,
};

static const unsigned char glyph_36_data[] = {
    0x00, 0x10, 0x10, 0x7c, 0x92, 0x90, 0x90, 0x7c,
    0x12, 0x12, 0x92, 0x7c, 0x10, 0x10, 0x00, 0x00,
};

static const unsigned char glyph_37_data[] = {
    0x00, 0x00, 0x64, 0x94, 0x68, 0x08, 0x10, 0x10,
    0x20, 0x2c, 0x52, 0x4c, 0x00, 0x00, 0x00, 0x00,
};

static const unsigned char glyph_38_data[] = {
    0x00, 0x00, 0x18, 0x24, 0x24, 0x18, 0x30, 0x4a,
    0x44, 0x44, 0x44, 0x3a, 0x00, 0x00, 0x00, 0x00,
};

static const unsigned char glyph_39_data[] = {
    0x00, 0x10, 0x10, 0x10, 0x00, 0x00, 0x00, 0x00,
    0x00, 0x00, 0x00, 0x00, 0x00, 0x00, 0x00, 0x00,
};

static const unsigned char glyph_40_data[] = {
    0x00, 0x00, 0x08, 0x10, 0x20, 0x20, 0x20, 0x20,
    0x20, 0x20, 0x10, 0x08, 0x00, 0x00, 0x00, 0x00,
};

static const unsigned char glyph_41_data[] = {
    0x00, 0x00, 0x20, 0x10, 0x08, 0x08, 0x08, 0x08,
    0x08, 0x08, 0x10, 0x20, 0x00, 0x00, 0x00, 0x00,
};

static const unsigned char glyph_42_data[] = {
    0x00, 0x00, 0x00, 0x00, 0x00, 0x24, 0x18, 0x7e,
    0x18, 0x24, 0x00, 0x00, 0x00, 0x00, 0x00, 0x00,
};

static const unsigned char glyph_43_data[] = {
    0x00, 0x00, 0x00, 0x00, 0x00, 0x10, 0x10, 0x7c,
    0x10, 0x10, 0x00, 0x00, 0x00, 0x00, 0x00, 0x00,
};

static const unsigned char glyph_44_data[] = {
    0x00, 0x00, 0x00, 0x00, 0x00, 0x00, 0x00, 0x00,
    0x00, 0x00, 0x10, 0x10, 0x20, 0x00, 0x00, 0x00,
};

static const unsigned char glyph_45_data[] = {
    0x00, 0x00, 0x00, 0x00, 0x00, 0x00, 0x00, 0x7e,
    0x00, 0x00, 0x00, 0x00, 0x00, 0x00, 0x00, 0x00,
};

static const unsigned char glyph_46_data[] = {
    0x00, 0x00, 0x00, 0x00, 0x00, 0x00, 0x00, 0x00,
    0x00, 0x00, 0x10, 0x10, 0x00, 0x00, 0x00, 0x00,
};

static const unsigned char glyph_47_data[] = {
    0x00, 0x00, 0x04, 0x04, 0x08, 0x08, 0x10, 0x10,
    0x20, 0x20, 0x40, 0x40, 0x00, 0x00, 0x00, 0x00,
};

static const unsigned char glyph_48_data[] = {
    0x00, 0x00, 0x3c, 0x42, 0x42, 0x46, 0x4a, 0x52,
    0x62, 0x42, 0x42, 0x3c, 0x00, 0x00, 0x00, 0x00,
};

static const unsigned char glyph_49_data[] = {
    0x00, 0x00, 0x08, 0x18, 0x28, 0x08, 0x08, 0x08,
    0x08, 0x08, 0x08, 0x3e, 0x00, 0x00, 0x00, 0x00,
};

static const unsigned char glyph_50_data[] = {
    0x00, 0x00, 0x3c, 0x42, 0x42, 0x02, 0x04, 0x08,
    0x10, 0x20, 0x40, 0x7e, 0x00, 0x00, 0x00, 0x00,
};

static const unsigned char glyph_51_data[] = {
    0x00, 0x00, 0x3c, 0x42, 0x42, 0x02, 0x1c, 0x02,
    0x02, 0x42, 0x42, 0x3c, 0x00, 0x00, 0x00, 0x00,
};

static const unsigned char glyph_52_data[] = {
    0x00, 0x00, 0x02, 0x06, 0x0a, 0x12, 0x22, 0x42,
    0x7e, 0x02, 0x02, 0x02, 0x00, 0x00, 0x00, 0x00,
};

static const unsigned char glyph_53_data[] = {
    0x00, 0x00, 0x7e, 0x40, 0x40, 0x40, 0x7c, 0x02,
    0x02, 0x02, 0x42, 0x3c, 0x00, 0x00, 0x00, 0x00,
};

static const unsigned char glyph_54_data[] = {
    0x00, 0x00, 0x1c, 0x20, 0x40, 0x40, 0x7c, 0x42,
    0x42, 0x42, 0x42, 0x3c, 0x00, 0x00, 0x00, 0x00,
};

static const unsigned char glyph_55_data[] = {
    0x00, 0x00, 0x7e, 0x02, 0x02, 0x04, 0x04, 0x08,
    0x08, 0x10, 0x10, 0x10, 0x00, 0x00, 0x00, 0x00,
};

static const unsigned char glyph_56_data[] = {
    0x00, 0x00, 0x3c, 0x42, 0x42, 0x42, 0x3c, 0x42,
    0x42, 0x42, 0x42, 0x3c, 0x00, 0x00, 0x00, 0x00,
};

static const unsigned char glyph_57_data[] = {
    0x00, 0x00, 0x3c, 0x42, 0x42, 0x42, 0x42, 0x3e,
    0x02, 0x02, 0x04, 0x38, 0x00, 0x00, 0x00, 0x00,
};

static const unsigned char glyph_58_data[] = {
    0x00, 0x00, 0x00, 0x00, 0x00, 0x10, 0x10, 0x00,
    0x00, 0x00, 0x10, 0x10, 0x00, 0x00, 0x00, 0x00,
};

static const unsigned char glyph_59_data[] = {
    0x00, 0x00, 0x00, 0x00, 0x00, 0x10, 0x10, 0x00,
    0x00, 0x00, 0x10, 0x10, 0x20, 0x00, 0x00, 0x00,
};

static const unsigned char glyph_60_data[] = {
    0x00, 0x00, 0x00, 0x04, 0x08, 0x10, 0x20, 0x40,
    0x20, 0x10, 0x08, 0x04, 0x00, 0x00, 0x00, 0x00,
};

static const unsigned char glyph_61_data[] = {
    0x00, 0x00, 0x00, 0x00, 0x00, 0x7e, 0x00, 0x00,
    0x7e, 0x00, 0x00, 0x00, 0x00, 0x00, 0x00, 0x00,
};

static const unsigned char glyph_62_data[] = {
    0x00, 0x00, 0x00, 0x40, 0x20, 0x10, 0x08, 0x04,
    0x08, 0x10, 0x20, 0x40, 0x00, 0x00, 0x00, 0x00,
};

static const unsigned char glyph_63_data[] = {
    0x00, 0x00, 0x3c, 0x42, 0x42, 0x42, 0x04, 0x08,
    0x08, 0x00, 0x08, 0x08, 0x00, 0x00, 0x00, 0x00,
};

static const unsigned char glyph_64_data[] = {
    0x00, 0x00, 0x7c, 0x82, 0x9e, 0xa2, 0xa2, 0xa2,
    0xa6, 0x9a, 0x80, 0x7e, 0x00, 0x00, 0x00, 0x00,
};

static const unsigned char glyph_65_data[] = {
    0x00, 0x00, 0x3c, 0x42, 0x42, 0x42, 0x42, 0x7e,
    0x42, 0x42, 0x42, 0x42, 0x00, 0x00, 0x00, 0x00,
};

static const unsigned char glyph_66_data[] = {
    0x00, 0x00, 0x7c, 0x42, 0x42, 0x42, 0x7c, 0x42,
    0x42, 0x42, 0x42, 0x7c, 0x00, 0x00, 0x00, 0x00,
};

static const unsigned char glyph_67_data[] = {
    0x00, 0x00, 0x3c, 0x42, 0x42, 0x40, 0x40, 0x40,
    0x40, 0x42, 0x42, 0x3c, 0x00, 0x00, 0x00, 0x00,
};

static const unsigned char glyph_68_data[] = {
    0x00, 0x00, 0x78, 0x44, 0x42, 0x42, 0x42, 0x42,
    0x42, 0x42, 0x44, 0x78, 0x00, 0x00, 0x00, 0x00,
};

static const unsigned char glyph_69_data[] = {
    0x00, 0x00, 0x7e, 0x40, 0x40, 0x40, 0x78, 0x40,
    0x40, 0x40, 0x40, 0x7e, 0x00, 0x00, 0x00, 0x00,
};

static const unsigned char glyph_70_data[] = {
    0x00, 0x00, 0x7e, 0x40, 0x40, 0x40, 0x78, 0x40,
    0x40, 0x40, 0x40, 0x40, 0x00, 0x00, 0x00, 0x00,
};

static const unsigned char glyph_71_data[] = {
    0x00, 0x00, 0x3c, 0x42, 0x42, 0x40, 0x40, 0x4e,
    0x42, 0x42, 0x42, 0x3c, 0x00, 0x00, 0x00, 0x00,
};

static const unsigned char glyph_72_data[] = {
    0x00, 0x00, 0x42, 0x42, 0x42, 0x42, 0x7e, 0x42,
    0x42, 0x42, 0x42, 0x42, 0x00, 0x00, 0x00, 0x00,
};

static const unsigned char glyph_73_data[] = {
    0x00, 0x00, 0x38, 0x10, 0x10, 0x10, 0x10, 0x10,
    0x10, 0x10, 0x10, 0x38, 0x00, 0x00, 0x00, 0x00,
};

static const unsigned char glyph_74_data[] = {
    0x00, 0x00, 0x0e, 0x04, 0x04, 0x04, 0x04, 0x04,
    0x04, 0x44, 0x44, 0x38, 0x00, 0x00, 0x00, 0x00,
};

static const unsigned char glyph_75_data[] = {
    0x00, 0x00, 0x42, 0x44, 0x48, 0x50, 0x60, 0x60,
    0x50, 0x48, 0x44, 0x42, 0x00, 0x00, 0x00, 0x00,
};

static const unsigned char glyph_76_data[] = {
    0x00, 0x00, 0x40, 0x40, 0x40, 0x40, 0x40, 0x40,
    0x40, 0x40, 0x40, 0x7e, 0x00, 0x00, 0x00, 0x00,
};

static const unsigned char glyph_77_data[] = {
    0x00, 0x00, 0x82, 0xc6, 0xaa, 0x92, 0x92, 0x82,
    0x82, 0x82, 0x82, 0x82, 0x00, 0x00, 0x00, 0x00,
};

static const unsigned char glyph_78_data[] = {
    0x00, 0x00, 0x42, 0x42, 0x42, 0x62, 0x52, 0x4a,
    0x46, 0x42, 0x42, 0x42, 0x00, 0x00, 0x00, 0x00,
};

static const unsigned char glyph_79_data[] = {
    0x00, 0x00, 0x3c, 0x42, 0x42, 0x42, 0x42, 0x42,
    0x42, 0x42, 0x42, 0x3c, 0x00, 0x00, 0x00, 0x00,
};

static const unsigned char glyph_80_data[] = {
    0x00, 0x00, 0x7c, 0x42, 0x42, 0x42, 0x42, 0x7c,
    0x40, 0x40, 0x40, 0x40, 0x00, 0x00, 0x00, 0x00,
};

static const unsigned char glyph_81_data[] = {
    0x00, 0x00, 0x3c, 0x42, 0x42, 0x42, 0x42, 0x42,
    0x42, 0x42, 0x4a, 0x3c, 0x02, 0x00, 0x00, 0x00,
};

static const unsigned char glyph_82_data[] = {
    0x00, 0x00, 0x7c, 0x42, 0x42, 0x42, 0x42, 0x7c,
    0x50, 0x48, 0x44, 0x42, 0x00, 0x00, 0x00, 0x00,
};

static const unsigned char glyph_83_data[] = {
    0x00, 0x00, 0x3c, 0x42, 0x40, 0x40, 0x3c, 0x02,
    0x02, 0x42, 0x42, 0x3c, 0x00, 0x00, 0x00, 0x00,
};

static const unsigned char glyph_84_data[] = {
    0x00, 0x00, 0xfe, 0x10, 0x10, 0x10, 0x10, 0x10,
    0x10, 0x10, 0x10, 0x10, 0x00, 0x00, 0x00, 0x00,
};

static const unsigned char glyph_85_data[] = {
    0x00, 0x00, 0x42, 0x42, 0x42, 0x42, 0x42, 0x42,
    0x42, 0x42, 0x42, 0x3c, 0x00, 0x00, 0x00, 0x00,
};

static const unsigned char glyph_86_data[] = {
    0x00, 0x00, 0x42, 0x42, 0x42, 0x42, 0x42, 0x24,
    0x24, 0x24, 0x18, 0x18, 0x00, 0x00, 0x00, 0x00,
};

static const unsigned char glyph_87_data[] = {
    0x00, 0x00, 0x82, 0x82, 0x82, 0x82, 0x82, 0x92,
    0x92, 0xaa, 0xc6, 0x82, 0x00, 0x00, 0x00, 0x00,
};

static const unsigned char glyph_88_data[] = {
    0x00, 0x00, 0x42, 0x42, 0x24, 0x24, 0x18, 0x18,
    0x24, 0x24, 0x42, 0x42, 0x00, 0x00, 0x00, 0x00,
};

static const unsigned char glyph_89_data[] = {
    0x00, 0x00, 0x82, 0x82, 0x44, 0x44, 0x28, 0x10,
    0x10, 0x10, 0x10, 0x10, 0x00, 0x00, 0x00, 0x00,
};

static const unsigned char glyph_90_data[] = {
    0x00, 0x00, 0x7e, 0x02, 0x02, 0x04, 0x08, 0x10,
    0x20, 0x40, 0x40, 0x7e, 0x00, 0x00, 0x00, 0x00,
};

static const unsigned char glyph_91_data[] = {
    0x00, 0x00, 0x38, 0x20, 0x20, 0x20, 0x20, 0x20,
    0x20, 0x20, 0x20, 0x38, 0x00, 0x00, 0x00, 0x00,
};

static const unsigned char glyph_92_data[] = {
    0x00, 0x00, 0x40, 0x40, 0x20, 0x20, 0x10, 0x10,
    0x08, 0x08, 0x04, 0x04, 0x00, 0x00, 0x00, 0x00,
};

static const unsigned char glyph_93_data[] = {
    0x00, 0x00, 0x38, 0x08, 0x08, 0x08, 0x08, 0x08,
    0x08, 0x08, 0x08, 0x38, 0x00, 0x00, 0x00, 0x00,
};

static const unsigned char glyph_94_data[] = {
    0x00, 0x10, 0x28, 0x44, 0x00, 0x00, 0x00, 0x00,
    0x00, 0x00, 0x00, 0x00, 0x00, 0x00, 0x00, 0x00,
};

static const unsigned char glyph_95_data[] = {
    0x00, 0x00, 0x00, 0x00, 0x00, 0x00, 0x00, 0x00,
    0x00, 0x00, 0x00, 0x00, 0x00, 0x7e, 0x00, 0x00,
};

static const unsigned char glyph_96_data[] = {
    0x10, 0x08, 0x00, 0x00, 0x00, 0x00, 0x00, 0x00,
    0x00, 0x00, 0x00, 0x00, 0x00, 0x00, 0x00, 0x00,
};

static const unsigned char glyph_97_data[] = {
    0x00, 0x00, 0x00, 0x00, 0x00, 0x3c, 0x02, 0x3e,
    0x42, 0x42, 0x42, 0x3e, 0x00, 0x00, 0x00, 0x00,
};

static const unsigned char glyph_98_data[] = {
    0x00, 0x00, 0x40, 0x40, 0x40, 0x7c, 0x42, 0x42,
    0x42, 0x42, 0x42, 0x7c, 0x00, 0x00, 0x00, 0x00,
};

static const unsigned char glyph_99_data[] = {
    0x00, 0x00, 0x00, 0x00, 0x00, 0x3c, 0x42, 0x40,
    0x40, 0x40, 0x42, 0x3c, 0x00, 0x00, 0x00, 0x00,
};

static const unsigned char glyph_100_data[] = {
    0x00, 0x00, 0x02, 0x02, 0x02, 0x3e, 0x42, 0x42,
    0x42, 0x42, 0x42, 0x3e, 0x00, 0x00, 0x00, 0x00,
};

static const unsigned char glyph_101_data[] = {
    0x00, 0x00, 0x00, 0x00, 0x00, 0x3c, 0x42, 0x42,
    0x7e, 0x40, 0x40, 0x3c, 0x00, 0x00, 0x00, 0x00,
};

static const unsigned char glyph_102_data[] = {
    0x00, 0x00, 0x0e, 0x10, 0x10, 0x7c, 0x10, 0x10,
    0x10, 0x10, 0x10, 0x10, 0x00, 0x00, 0x00, 0x00,
};

static const unsigned char glyph_103_data[] = {
    0x00, 0x00, 0x00, 0x00, 0x00, 0x3e, 0x42, 0x42,
    0x42, 0x42, 0x42, 0x3e, 0x02, 0x02, 0x3c, 0x00,
};

static const unsigned char glyph_104_data[] = {
    0x00, 0x00, 0x40, 0x40, 0x40, 0x7c, 0x42, 0x42,
    0x42, 0x42, 0x42, 0x42, 0x00, 0x00, 0x00, 0x00,
};

static const unsigned char glyph_105_data[] = {
    0x00, 0x00, 0x10, 0x10, 0x00, 0x30, 0x10, 0x10,
    0x10, 0x10, 0x10, 0x38, 0x00, 0x00, 0x00, 0x00,
};

static const unsigned char glyph_106_data[] = {
    0x00, 0x00, 0x04, 0x04, 0x00, 0x0c, 0x04, 0x04,
    0x04, 0x04, 0x04, 0x04, 0x44, 0x44, 0x38, 0x00,
};

static const unsigned char glyph_107_data[] = {
    0x00, 0x00, 0x40, 0x40, 0x40, 0x42, 0x44, 0x48,
    0x70, 0x48, 0x44, 0x42, 0x00, 0x00, 0x00, 0x00,
};

static const unsigned char glyph_108_data[] = {
    0x00, 0x00, 0x30, 0x10, 0x10, 0x10, 0x10, 0x10,
    0x10, 0x10, 0x10, 0x38, 0x00, 0x00, 0x00, 0x00,
};

static const unsigned char glyph_109_data[] = {
    0x00, 0x00, 0x00, 0x00, 0x00, 0xfc, 0x92, 0x92,
    0x92, 0x92, 0x92, 0x92, 0x00, 0x00, 0x00, 0x00,
};

static const unsigned char glyph_110_data[] = {
    0x00, 0x00, 0x00, 0x00, 0x00, 0x7c, 0x42, 0x42,
    0x42, 0x42, 0x42, 0x42, 0x00, 0x00, 0x00, 0x00,
};

static const unsigned char glyph_111_data[] = {
    0x00, 0x00, 0x00, 0x00, 0x00, 0x3c, 0x42, 0x42,
    0x42, 0x42, 0x42, 0x3c, 0x00, 0x00, 0x00, 0x00,
};

static const unsigned char glyph_112_data[] = {
    0x00, 0x00, 0x00, 0x00, 0x00, 0x7c, 0x42, 0x42,
    0x42, 0x42, 0x42, 0x7c, 0x40, 0x40, 0x40, 0x00,
};

static const unsigned char glyph_113_data[] = {
    0x00, 0x00, 0x00, 0x00, 0x00, 0x3e, 0x42, 0x42,
    0x42, 0x42, 0x42, 0x3e, 0x02, 0x02, 0x02, 0x00,
};

static const unsigned char glyph_114_data[] = {
    0x00, 0x00, 0x00, 0x00, 0x00, 0x5e, 0x60, 0x40,
    0x40, 0x40, 0x40, 0x40, 0x00, 0x00, 0x00, 0x00,
};

static const unsigned char glyph_115_data[] = {
    0x00, 0x00, 0x00, 0x00, 0x00, 0x3e, 0x40, 0x40,
    0x3c, 0x02, 0x02, 0x7c, 0x00, 0x00, 0x00, 0x00,
};

static const unsigned char glyph_116_data[] = {
    0x00, 0x00, 0x10, 0x10, 0x10, 0x7c, 0x10, 0x10,
    0x10, 0x10, 0x10, 0x0e, 0x00, 0x00, 0x00, 0x00,
};

static const unsigned char glyph_117_data[] = {
    0x00, 0x00, 0x00, 0x00, 0x00, 0x42, 0x42, 0x42,
    0x42, 0x42, 0x42, 0x3e, 0x00, 0x00, 0x00, 0x00,
};

static const unsigned char glyph_118_data[] = {
    0x00, 0x00, 0x00, 0x00, 0x00, 0x42, 0x42, 0x42,
    0x24, 0x24, 0x18, 0x18, 0x00, 0x00, 0x00, 0x00,
};

static const unsigned char glyph_119_data[] = {
    0x00, 0x00, 0x00, 0x00, 0x00, 0x82, 0x82, 0x92,
    0x92, 0x92, 0x92, 0x7c, 0x00, 0x00, 0x00, 0x00,
};

static const unsigned char glyph_120_data[] = {
    0x00, 0x00, 0x00, 0x00, 0x00, 0x42, 0x42, 0x24,
    0x18, 0x24, 0x42, 0x42, 0x00, 0x00, 0x00, 0x00,
};

static const unsigned char glyph_121_data[] = {
    0x00, 0x00, 0x00, 0x00, 0x00, 0x42, 0x42, 0x42,
    0x42, 0x42, 0x42, 0x3e, 0x02, 0x02, 0x3c, 0x00,
};

static const unsigned char glyph_122_data[] = {
    0x00, 0x00, 0x00, 0x00, 0x00, 0x7e, 0x04, 0x08,
    0x10, 0x20, 0x40, 0x7e, 0x00, 0x00, 0x00, 0x00,
};

static const unsigned char glyph_123_data[] = {
    0x00, 0x00, 0x0c, 0x10, 0x10, 0x10, 0x20, 0x10,
    0x10, 0x10, 0x10, 0x0c, 0x00, 0x00, 0x00, 0x00,
};

static const unsigned char glyph_124_data[] = {
    0x00, 0x00, 0x10, 0x10, 0x10, 0x10, 0x10, 0x10,
    0x10, 0x10, 0x10, 0x10, 0x00, 0x00, 0x00, 0x00,
};

static const unsigned char glyph_125_data[] = {
    0x00, 0x00, 0x30, 0x08, 0x08, 0x08, 0x04, 0x08,
    0x08, 0x08, 0x08, 0x30, 0x00, 0x00, 0x00, 0x00,
};

static const unsigned char glyph_126_data[] = {
    0x00, 0x00, 0x00, 0x00, 0x00, 0x00, 0x62, 0x92,
    0x8c, 0x00, 0x00, 0x00, 0x00, 0x00, 0x00, 0x00,
};

static const unsigned char glyph_127_data[] = {
    0x00, 0x00, 0x10, 0x10, 0x10, 0x10, 0x00, 0x00,
    0x10, 0x10, 0x10, 0x10, 0x00, 0x00, 0x00, 0x00,
};

static const unsigned char glyph_128_data[] = {
    0x00, 0x00, 0x3c, 0x42, 0x42, 0x40, 0x40, 0x40,
    0x40, 0x42, 0x42, 0x3c, 0x10, 0x10, 0x20, 0x00,
};

static const unsigned char glyph_129_data[] = {
    0x00, 0x00, 0x24, 0x24, 0x00, 0x42, 0x42, 0x42,
    0x42, 0x42, 0x42, 0x3e, 0x00, 0x00, 0x00, 0x00,
};

static const unsigned char glyph_130_data[] = {
    0x00, 0x00, 0x08, 0x10, 0x00, 0x3c, 0x42, 0x42,
    0x7e, 0x40, 0x40, 0x3c, 0x00, 0x00, 0x00, 0x00,
};

static const unsigned char glyph_131_data[] = {
    0x00, 0x00, 0x18, 0x24, 0x00, 0x3c, 0x02, 0x3e,
    0x42, 0x42, 0x42, 0x3e, 0x00, 0x00, 0x00, 0x00,
};

static const unsigned char glyph_132_data[] = {
    0x00, 0x00, 0x24, 0x24, 0x00, 0x3c, 0x02, 0x3e,
    0x42, 0x42, 0x42, 0x3e, 0x00, 0x00, 0x00, 0x00,
};

static const unsigned char glyph_133_data[] = {
    0x00, 0x00, 0x10, 0x08, 0x00, 0x3c, 0x02, 0x3e,
    0x42, 0x42, 0x42, 0x3e, 0x00, 0x00, 0x00, 0x00,
};

static const unsigned char glyph_134_data[] = {
    0x00, 0x00, 0x18, 0x24, 0x18, 0x3c, 0x02, 0x3e,
    0x42, 0x42, 0x42, 0x3e, 0x00, 0x00, 0x00, 0x00,
};

static const unsigned char glyph_135_data[] = {
    0x00, 0x00, 0x00, 0x00, 0x00, 0x3c, 0x42, 0x40,
    0x40, 0x40, 0x42, 0x3c, 0x10, 0x10, 0x20, 0x00,
};

static const unsigned char glyph_136_data[] = {
    0x00, 0x00, 0x18, 0x24, 0x00, 0x3c, 0x42, 0x42,
    0x7e, 0x40, 0x40, 0x3c, 0x00, 0x00, 0x00, 0x00,
};

static const unsigned char glyph_137_data[] = {
    0x00, 0x00, 0x24, 0x24, 0x00, 0x3c, 0x42, 0x42,
    0x7e, 0x40, 0x40, 0x3c, 0x00, 0x00, 0x00, 0x00,
};

static const unsigned char glyph_138_data[] = {
    0x00, 0x00, 0x10, 0x08, 0x00, 0x3c, 0x42, 0x42,
    0x7e, 0x40, 0x40, 0x3c, 0x00, 0x00, 0x00, 0x00,
};

static const unsigned char glyph_139_data[] = {
    0x00, 0x00, 0x48, 0x48, 0x00, 0x30, 0x10, 0x10,
    0x10, 0x10, 0x10, 0x38, 0x00, 0x00, 0x00, 0x00,
};

static const unsigned char glyph_140_data[] = {
    0x00, 0x00, 0x30, 0x48, 0x00, 0x30, 0x10, 0x10,
    0x10, 0x10, 0x10, 0x38, 0x00, 0x00, 0x00, 0x00,
};

static const unsigned char glyph_141_data[] = {
    0x00, 0x00, 0x20, 0x10, 0x00, 0x30, 0x10, 0x10,
    0x10, 0x10, 0x10, 0x38, 0x00, 0x00, 0x00, 0x00,
};

static const unsigned char glyph_142_data[] = {
    0x24, 0x24, 0x00, 0x3c, 0x42, 0x42, 0x42, 0x7e,
    0x42, 0x42, 0x42, 0x42, 0x00, 0x00, 0x00, 0x00,
};

static const unsigned char glyph_143_data[] = {
    0x18, 0x24, 0x18, 0x3c, 0x42, 0x42, 0x42, 0x7e,
    0x42, 0x42, 0x42, 0x42, 0x00, 0x00, 0x00, 0x00,
};

static const unsigned char glyph_144_data[] = {
    0x08, 0x10, 0x00, 0x7e, 0x40, 0x40, 0x40, 0x78,
    0x40, 0x40, 0x40, 0x7e, 0x00, 0x00, 0x00, 0x00,
};

static const unsigned char glyph_145_data[] = {
    0x00, 0x00, 0x00, 0x00, 0x00, 0x6c, 0x12, 0x72,
    0x9e, 0x90, 0x90, 0x6c, 0x00, 0x00, 0x00, 0x00,
};

static const unsigned char glyph_146_data[] = {
    0x00, 0x00, 0x7e, 0x90, 0x90, 0x90, 0xfc, 0x90,
    0x90, 0x90, 0x90, 0x9e, 0x00, 0x00, 0x00, 0x00,
};

static const unsigned char glyph_147_data[] = {
    0x00, 0x00, 0x18, 0x24, 0x00, 0x3c, 0x42, 0x42,
    0x42, 0x42, 0x42, 0x3c, 0x00, 0x00, 0x00, 0x00,
};

static const unsigned char glyph_148_data[] = {
    0x00, 0x00, 0x24, 0x24, 0x00, 0x3c, 0x42, 0x42,
    0x42, 0x42, 0x42, 0x3c, 0x00, 0x00, 0x00, 0x00,
};

static const unsigned char glyph_149_data[] = {
    0x00, 0x00, 0x10, 0x08, 0x00, 0x3c, 0x42, 0x42,
    0x42, 0x42, 0x42, 0x3c, 0x00, 0x00, 0x00, 0x00,
};

static const unsigned char glyph_150_data[] = {
    0x00, 0x00, 0x18, 0x24, 0x00, 0x42, 0x42, 0x42,
    0x42, 0x42, 0x42, 0x3e, 0x00, 0x00, 0x00, 0x00,
};

static const unsigned char glyph_151_data[] = {
    0x00, 0x00, 0x10, 0x08, 0x00, 0x42, 0x42, 0x42,
    0x42, 0x42, 0x42, 0x3e, 0x00, 0x00, 0x00, 0x00,
};

static const unsigned char glyph_152_data[] = {
    0x00, 0x00, 0x24, 0x24, 0x00, 0x42, 0x42, 0x42,
    0x42, 0x42, 0x42, 0x3e, 0x02, 0x02, 0x3c, 0x00,
};

static const unsigned char glyph_153_data[] = {
    0x24, 0x24, 0x00, 0x3c, 0x42, 0x42, 0x42, 0x42,
    0x42, 0x42, 0x42, 0x3c, 0x00, 0x00, 0x00, 0x00,
};

static const unsigned char glyph_154_data[] = {
    0x24, 0x24, 0x00, 0x42, 0x42, 0x42, 0x42, 0x42,
    0x42, 0x42, 0x42, 0x3c, 0x00, 0x00, 0x00, 0x00,
};

static const unsigned char glyph_155_data[] = {
    0x00, 0x00, 0x00, 0x10, 0x10, 0x7c, 0x92, 0x90,
    0x90, 0x90, 0x92, 0x7c, 0x10, 0x10, 0x00, 0x00,
};

static const unsigned char glyph_156_data[] = {
    0x00, 0x00, 0x18, 0x24, 0x20, 0x20, 0x78, 0x20,
    0x20, 0x20, 0x22, 0x7e, 0x00, 0x00, 0x00, 0x00,
};

static const unsigned char glyph_157_data[] = {
    0x00, 0x00, 0x82, 0x82, 0x44, 0x28, 0x10, 0x7c,
    0x10, 0x7c, 0x10, 0x10, 0x00, 0x00, 0x00, 0x00,
};

static const unsigned char glyph_158_data[] = {
    0x00, 0x00, 0xf0, 0x88, 0x88, 0x88, 0xf4, 0x84,
    0x8e, 0x84, 0x84, 0x82, 0x00, 0x00, 0x00, 0x00,
};

static const unsigned char glyph_159_data[] = {
    0x00, 0x00, 0x0c, 0x12, 0x10, 0x10, 0x7c, 0x10,
    0x10, 0x10, 0x10, 0x10, 0x10, 0x90, 0x60, 0x00,
};

static const unsigned char glyph_160_data[] = {
    0x00, 0x00, 0x08, 0x10, 0x00, 0x3c, 0x02, 0x3e,
    0x42, 0x42, 0x42, 0x3e, 0x00, 0x00, 0x00, 0x00,
};

static const unsigned char glyph_161_data[] = {
    0x00, 0x00, 0x08, 0x10, 0x00, 0x30, 0x10, 0x10,
    0x10, 0x10, 0x10, 0x38, 0x00, 0x00, 0x00, 0x00,
};

static const unsigned char glyph_162_data[] = {
    0x00, 0x00, 0x08, 0x10, 0x00, 0x3c, 0x42, 0x42,
    0x42, 0x42, 0x42, 0x3c, 0x00, 0x00, 0x00, 0x00,
};

static const unsigned char glyph_163_data[] = {
    0x00, 0x00, 0x08, 0x10, 0x00, 0x42, 0x42, 0x42,
    0x42, 0x42, 0x42, 0x3e, 0x00, 0x00, 0x00, 0x00,
};

static const unsigned char glyph_164_data[] = {
    0x00, 0x00, 0x32, 0x4c, 0x00, 0x7c, 0x42, 0x42,
    0x42, 0x42, 0x42, 0x42, 0x00, 0x00, 0x00, 0x00,
};

static const unsigned char glyph_165_data[] = {
    0x32, 0x4c, 0x00, 0x42, 0x42, 0x62, 0x52, 0x4a,
    0x46, 0x42, 0x42, 0x42, 0x00, 0x00, 0x00, 0x00,
};

static const unsigned char glyph_166_data[] = {
    0x00, 0x38, 0x04, 0x3c, 0x44, 0x3c, 0x00, 0x7c,
    0x00, 0x00, 0x00, 0x00, 0x00, 0x00, 0x00, 0x00,
};

static const unsigned char glyph_167_data[] = {
    0x00, 0x38, 0x44, 0x44, 0x44, 0x38, 0x00, 0x7c,
    0x00, 0x00, 0x00, 0x00, 0x00, 0x00, 0x00, 0x00,
};

static const unsigned char glyph_168_data[] = {
    0x00, 0x00, 0x10, 0x10, 0x00, 0x10, 0x10, 0x20,
    0x42, 0x42, 0x42, 0x3c, 0x00, 0x00, 0x00, 0x00,
};

static const unsigned char glyph_169_data[] = {
    0x00, 0x00, 0x00, 0x00, 0x00, 0x7e, 0x40, 0x40,
    0x40, 0x00, 0x00, 0x00, 0x00, 0x00, 0x00, 0x00,
};

static const unsigned char glyph_170_data[] = {
    0x00, 0x00, 0x00, 0x00, 0x00, 0x7e, 0x02, 0x02,
    0x02, 0x00, 0x00, 0x00, 0x00, 0x00, 0x00, 0x00,
};

static const unsigned char glyph_171_data[] = {
    0x00, 0x20, 0x60, 0x20, 0x22, 0x24, 0x08, 0x10,
    0x20, 0x4c, 0x92, 0x04, 0x08, 0x1e, 0x00, 0x00,
};

static const unsigned char glyph_172_data[] = {
    0x00, 0x20, 0x60, 0x20, 0x22, 0x24, 0x08, 0x10,
    0x22, 0x46, 0x8a, 0x1e, 0x02, 0x02, 0x00, 0x00,
};

static const unsigned char glyph_173_data[] = {
    0x00, 0x00, 0x10, 0x10, 0x00, 0x10, 0x10, 0x10,
    0x10, 0x10, 0x10, 0x10, 0x00, 0x00, 0x00, 0x00,
};

static const unsigned char glyph_174_data[] = {
    0x00, 0x00, 0x00, 0x00, 0x00, 0x12, 0x24, 0x48,
    0x90, 0x48, 0x24, 0x12, 0x00, 0x00, 0x00, 0x00,
};

static const unsigned char glyph_175_data[] = {
    0x00, 0x00, 0x00, 0x00, 0x00, 0x90, 0x48, 0x24,
    0x12, 0x24, 0x48, 0x90, 0x00, 0x00, 0x00, 0x00,
};

static const unsigned char glyph_176_data[] = {
    0x88, 0x22, 0x88, 0x22, 0x88, 0x22, 0x88, 0x22,
    0x88, 0x22, 0x88, 0x22, 0x88, 0x22, 0x88, 0x22,
};

static const unsigned char glyph_177_data[] = {
    0xaa, 0x55, 0xaa, 0x55, 0xaa, 0x55, 0xaa, 0x55,
    0xaa, 0x55, 0xaa, 0x55, 0xaa, 0x55, 0xaa, 0x55,
};

static const unsigned char glyph_178_data[] = {
    0x24, 0x24, 0x00, 0x00, 0x00, 0x00, 0x00, 0x00,
    0x00, 0x00, 0x00, 0x00, 0x00, 0x00, 0x00, 0x00,
};

static const unsigned char glyph_179_data[] = {
    0x10, 0x10, 0x10, 0x10, 0x10, 0x10, 0x10, 0x10,
    0x10, 0x10, 0x10, 0x10, 0x10, 0x10, 0x10, 0x10,
};

static const unsigned char glyph_180_data[] = {
    0x10, 0x10, 0x10, 0x10, 0x10, 0x10, 0x10, 0xf0,
    0x10, 0x10, 0x10, 0x10, 0x10, 0x10, 0x10, 0x10,
};

static const unsigned char glyph_181_data[] = {
    0x3c, 0x00, 0x00, 0x00, 0x00, 0x00, 0x00, 0x00,
    0x00, 0x00, 0x00, 0x00, 0x00, 0x00, 0x00, 0x00,
};

static const unsigned char glyph_182_data[] = {
    0x00, 0x38, 0x04, 0x18, 0x04, 0x04, 0x38, 0x00,
    0x00, 0x00, 0x00, 0x00, 0x00, 0x00, 0x00, 0x00,
};

static const unsigned char glyph_183_data[] = {
    0x08, 0x10, 0x00, 0x00, 0x00, 0x00, 0x00, 0x00,
    0x00, 0x00, 0x00, 0x00, 0x00, 0x00, 0x00, 0x00,
};

static const unsigned char glyph_184_data[] = {
    0x00, 0x00, 0x00, 0x00, 0x00, 0x00, 0x00, 0x00,
    0x00, 0x00, 0x00, 0x00, 0x10, 0x10, 0x20, 0x00,
};

static const unsigned char glyph_185_data[] = {
    0x00, 0x10, 0x30, 0x10, 0x10, 0x10, 0x38, 0x00,
    0x00, 0x00, 0x00, 0x00, 0x00, 0x00, 0x00, 0x00,
};

static const unsigned char glyph_186_data[] = {
    0x00, 0xe0, 0x10, 0x60, 0x12, 0xe4, 0x08, 0x10,
    0x22, 0x46, 0x8a, 0x1e, 0x02, 0x02, 0x00, 0x00,
};

static const unsigned char glyph_187_data[] = {
    0x10, 0x08, 0x00, 0x3c, 0x42, 0x42, 0x42, 0x7e,
    0x42, 0x42, 0x42, 0x42, 0x00, 0x00, 0x00, 0x00,
};

static const unsigned char glyph_188_data[] = {
    0x08, 0x10, 0x00, 0x3c, 0x42, 0x42, 0x42, 0x7e,
    0x42, 0x42, 0x42, 0x42, 0x00, 0x00, 0x00, 0x00,
};

static const unsigned char glyph_189_data[] = {
    0x18, 0x24, 0x00, 0x3c, 0x42, 0x42, 0x42, 0x7e,
    0x42, 0x42, 0x42, 0x42, 0x00, 0x00, 0x00, 0x00,
};

static const unsigned char glyph_190_data[] = {
    0x32, 0x4c, 0x00, 0x3c, 0x42, 0x42, 0x42, 0x7e,
    0x42, 0x42, 0x42, 0x42, 0x00, 0x00, 0x00, 0x00,
};

static const unsigned char glyph_191_data[] = {
    0x00, 0x00, 0x00, 0x00, 0x00, 0x00, 0x00, 0xf0,
    0x10, 0x10, 0x10, 0x10, 0x10, 0x10, 0x10, 0x10,
};

static const unsigned char glyph_192_data[] = {
    0x10, 0x10, 0x10, 0x10, 0x10, 0x10, 0x10, 0x1f,
    0x00, 0x00, 0x00, 0x00, 0x00, 0x00, 0x00, 0x00,
};

static const unsigned char glyph_193_data[] = {
    0x10, 0x10, 0x10, 0x10, 0x10, 0x10, 0x10, 0xff,
    0x00, 0x00, 0x00, 0x00, 0x00, 0x00, 0x00, 0x00,
};

static const unsigned char glyph_194_data[] = {
    0x00, 0x00, 0x00, 0x00, 0x00, 0x00, 0x00, 0xff,
    0x10, 0x10, 0x10, 0x10, 0x10, 0x10, 0x10, 0x10,
};

static const unsigned char glyph_195_data[] = {
    0x10, 0x10, 0x10, 0x10, 0x10, 0x10, 0x10, 0x1f,
    0x10, 0x10, 0x10, 0x10, 0x10, 0x10, 0x10, 0x10,
};

static const unsigned char glyph_196_data[] = {
    0x00, 0x00, 0x00, 0x00, 0x00, 0x00, 0x00, 0xff,
    0x00, 0x00, 0x00, 0x00, 0x00, 0x00, 0x00, 0x00,
};

static const unsigned char glyph_197_data[] = {
    0x10, 0x10, 0x10, 0x10, 0x10, 0x10, 0x10, 0xff,
    0x10, 0x10, 0x10, 0x10, 0x10, 0x10, 0x10, 0x10,
};

static const unsigned char glyph_198_data[] = {
    0x10, 0x08, 0x00, 0x7e, 0x40, 0x40, 0x40, 0x78,
    0x40, 0x40, 0x40, 0x7e, 0x00, 0x00, 0x00, 0x00,
};

static const unsigned char glyph_199_data[] = {
    0x18, 0x24, 0x00, 0x7e, 0x40, 0x40, 0x40, 0x78,
    0x40, 0x40, 0x40, 0x7e, 0x00, 0x00, 0x00, 0x00,
};

static const unsigned char glyph_200_data[] = {
    0x24, 0x24, 0x00, 0x7e, 0x40, 0x40, 0x40, 0x78,
    0x40, 0x40, 0x40, 0x7e, 0x00, 0x00, 0x00, 0x00,
};

static const unsigned char glyph_201_data[] = {
    0x20, 0x10, 0x00, 0x38, 0x10, 0x10, 0x10, 0x10,
    0x10, 0x10, 0x10, 0x38, 0x00, 0x00, 0x00, 0x00,
};

static const unsigned char glyph_202_data[] = {
    0x08, 0x10, 0x00, 0x38, 0x10, 0x10, 0x10, 0x10,
    0x10, 0x10, 0x10, 0x38, 0x00, 0x00, 0x00, 0x00,
};

static const unsigned char glyph_203_data[] = {
    0x18, 0x24, 0x00, 0x38, 0x10, 0x10, 0x10, 0x10,
    0x10, 0x10, 0x10, 0x38, 0x00, 0x00, 0x00, 0x00,
};

static const unsigned char glyph_204_data[] = {
    0x44, 0x44, 0x00, 0x38, 0x10, 0x10, 0x10, 0x10,
    0x10, 0x10, 0x10, 0x38, 0x00, 0x00, 0x00, 0x00,
};

static const unsigned char glyph_205_data[] = {
    0x00, 0x00, 0x78, 0x44, 0x42, 0x42, 0xf2, 0x42,
    0x42, 0x42, 0x44, 0x78, 0x00, 0x00, 0x00, 0x00,
};

static const unsigned char glyph_206_data[] = {
    0x10, 0x08, 0x00, 0x3c, 0x42, 0x42, 0x42, 0x42,
    0x42, 0x42, 0x42, 0x3c, 0x00, 0x00, 0x00, 0x00,
};

static const unsigned char glyph_207_data[] = {
    0x08, 0x10, 0x00, 0x3c, 0x42, 0x42, 0x42, 0x42,
    0x42, 0x42, 0x42, 0x3c, 0x00, 0x00, 0x00, 0x00,
};

static const unsigned char glyph_208_data[] = {
    0x18, 0x24, 0x00, 0x3c, 0x42, 0x42, 0x42, 0x42,
    0x42, 0x42, 0x42, 0x3c, 0x00, 0x00, 0x00, 0x00,
};

static const unsigned char glyph_209_data[] = {
    0x32, 0x4c, 0x00, 0x3c, 0x42, 0x42, 0x42, 0x42,
    0x42, 0x42, 0x42, 0x3c, 0x00, 0x00, 0x00, 0x00,
};

static const unsigned char glyph_210_data[] = {
    0x00, 0x00, 0x00, 0x00, 0x00, 0x42, 0x24, 0x18,
    0x18, 0x24, 0x42, 0x00, 0x00, 0x00, 0x00, 0x00,
};

static const unsigned char glyph_211_data[] = {
    0x10, 0x08, 0x42, 0x42, 0x42, 0x42, 0x42, 0x42,
    0x42, 0x42, 0x42, 0x3c, 0x00, 0x00, 0x00, 0x00,
};

static const unsigned char glyph_212_data[] = {
    0x08, 0x10, 0x42, 0x42, 0x42, 0x42, 0x42, 0x42,
    0x42, 0x42, 0x42, 0x3c, 0x00, 0x00, 0x00, 0x00,
};

static const unsigned char glyph_213_data[] = {
    0x18, 0x24, 0x00, 0x42, 0x42, 0x42, 0x42, 0x42,
    0x42, 0x42, 0x42, 0x3c, 0x00, 0x00, 0x00, 0x00,
};

static const unsigned char glyph_214_data[] = {
    0x08, 0x10, 0x82, 0x82, 0x44, 0x44, 0x28, 0x10,
    0x10, 0x10, 0x10, 0x10, 0x00, 0x00, 0x00, 0x00,
};

static const unsigned char glyph_215_data[] = {
    0x00, 0x00, 0x40, 0x40, 0x7c, 0x42, 0x42, 0x42,
    0x42, 0x7c, 0x40, 0x40, 0x00, 0x00, 0x00, 0x00,
};

static const unsigned char glyph_216_data[] = {
    0x00, 0x00, 0x32, 0x4c, 0x00, 0x3c, 0x02, 0x3e,
    0x42, 0x42, 0x42, 0x3e, 0x00, 0x00, 0x00, 0x00,
};

static const unsigned char glyph_217_data[] = {
    0x10, 0x10, 0x10, 0x10, 0x10, 0x10, 0x10, 0xf0,
    0x00, 0x00, 0x00, 0x00, 0x00, 0x00, 0x00, 0x00,
};

static const unsigned char glyph_218_data[] = {
    0x00, 0x00, 0x00, 0x00, 0x00, 0x00, 0x00, 0x1f,
    0x10, 0x10, 0x10, 0x10, 0x10, 0x10, 0x10, 0x10,
};

static const unsigned char glyph_219_data[] = {
    0xff, 0xff, 0xff, 0xff, 0xff, 0xff, 0xff, 0xff,
    0xff, 0xff, 0xff, 0xff, 0xff, 0xff, 0xff, 0xff,
};

static const unsigned char glyph_220_data[] = {
    0x00, 0x00, 0x28, 0x10, 0x28, 0x3c, 0x42, 0x42,
    0x42, 0x42, 0x42, 0x3c, 0x00, 0x00, 0x00, 0x00,
};

static const unsigned char glyph_221_data[] = {
    0x00, 0x00, 0x32, 0x4c, 0x00, 0x3c, 0x42, 0x42,
    0x42, 0x42, 0x42, 0x3c, 0x00, 0x00, 0x00, 0x00,
};

static const unsigned char glyph_222_data[] = {
    0x00, 0x00, 0x00, 0x00, 0x02, 0x3c, 0x46, 0x4a,
    0x52, 0x62, 0x42, 0xbc, 0x00, 0x00, 0x00, 0x00,
};

static const unsigned char glyph_223_data[] = {
    0x00, 0x00, 0x08, 0x10, 0x00, 0x42, 0x42, 0x42,
    0x42, 0x42, 0x42, 0x3e, 0x02, 0x02, 0x3c, 0x00,
};

static const unsigned char glyph_224_data[] = {
    0x00, 0x00, 0x00, 0x00, 0x00, 0x3a, 0x46, 0x44,
    0x44, 0x44, 0x46, 0x3a, 0x00, 0x00, 0x00, 0x00,
};

static const unsigned char glyph_225_data[] = {
    0x00, 0x00, 0x38, 0x44, 0x44, 0x48, 0x7c, 0x42,
    0x42, 0x42, 0x62, 0x5c, 0x00, 0x00, 0x00, 0x00,
};

static const unsigned char glyph_226_data[] = {
    0x00, 0x00, 0x7e, 0x40, 0x40, 0x40, 0x40, 0x40,
    0x40, 0x40, 0x40, 0x40, 0x00, 0x00, 0x00, 0x00,
};

static const unsigned char glyph_227_data[] = {
    0x00, 0x00, 0x00, 0x00, 0x00, 0x7e, 0x42, 0x42,
    0x42, 0x42, 0x42, 0x42, 0x00, 0x00, 0x00, 0x00,
};

static const unsigned char glyph_228_data[] = {
    0x00, 0x00, 0x7e, 0x40, 0x20, 0x10, 0x08, 0x08,
    0x10, 0x20, 0x40, 0x7e, 0x00, 0x00, 0x00, 0x00,
};

static const unsigned char glyph_229_data[] = {
    0x00, 0x00, 0x00, 0x00, 0x00, 0x3e, 0x44, 0x44,
    0x44, 0x44, 0x44, 0x38, 0x00, 0x00, 0x00, 0x00,
};

static const unsigned char glyph_230_data[] = {
    0x00, 0x00, 0x00, 0x00, 0x00, 0x42, 0x42, 0x42,
    0x42, 0x42, 0x46, 0x7a, 0x40, 0x40, 0x40, 0x00,
};

static const unsigned char glyph_231_data[] = {
    0x00, 0x00, 0x00, 0x00, 0x00, 0xfe, 0x10, 0x10,
    0x10, 0x10, 0x10, 0x0c, 0x00, 0x00, 0x00, 0x00,
};

static const unsigned char glyph_232_data[] = {
    0x00, 0x00, 0x10, 0x7c, 0x92, 0x92, 0x92, 0x92,
    0x92, 0x92, 0x7c, 0x10, 0x00, 0x00, 0x00, 0x00,
};

static const unsigned char glyph_233_data[] = {
    0x00, 0x00, 0x3c, 0x42, 0x42, 0x42, 0x5a, 0x42,
    0x42, 0x42, 0x42, 0x3c, 0x00, 0x00, 0x00, 0x00,
};

static const unsigned char glyph_234_data[] = {
    0x00, 0x00, 0x3c, 0x42, 0x42, 0x42, 0x42, 0x42,
    0x42, 0x24, 0x24, 0x66, 0x00, 0x00, 0x00, 0x00,
};

static const unsigned char glyph_235_data[] = {
    0x00, 0x00, 0x3e, 0x10, 0x08, 0x3c, 0x42, 0x42,
    0x42, 0x42, 0x42, 0x3c, 0x00, 0x00, 0x00, 0x00,
};

static const unsigned char glyph_236_data[] = {
    0x00, 0x00, 0x00, 0x00, 0x00, 0x7c, 0x92, 0x92,
    0x92, 0x7c, 0x00, 0x00, 0x00, 0x00, 0x00, 0x00,
};

static const unsigned char glyph_237_data[] = {
    0x00, 0x00, 0x00, 0x00, 0x00, 0x4c, 0x92, 0x92,
    0x92, 0x92, 0x92, 0x7c, 0x10, 0x10, 0x10, 0x00,
};

static const unsigned char glyph_238_data[] = {
    0x00, 0x00, 0x00, 0x00, 0x00, 0x3c, 0x42, 0x40,
    0x38, 0x40, 0x42, 0x3c, 0x00, 0x00, 0x00, 0x00,
};

static const unsigned char glyph_239_data[] = {
    0x00, 0x00, 0x00, 0x00, 0x3c, 0x42, 0x42, 0x42,
    0x42, 0x42, 0x42, 0x42, 0x00, 0x00, 0x00, 0x00,
};

static const unsigned char glyph_240_data[] = {
    0x00, 0x00, 0x00, 0x00, 0x7e, 0x00, 0x00, 0x7e,
    0x00, 0x00, 0x7e, 0x00, 0x00, 0x00, 0x00, 0x00,
};

static const unsigned char glyph_241_data[] = {
    0x00, 0x00, 0x00, 0x00, 0x00, 0x10, 0x10, 0x7c,
    0x10, 0x10, 0x00, 0x7c, 0x00, 0x00, 0x00, 0x00,
};

static const unsigned char glyph_242_data[] = {
    0x00, 0x00, 0x00, 0x20, 0x10, 0x08, 0x04, 0x08,
    0x10, 0x20, 0x00, 0x7c, 0x00, 0x00, 0x00, 0x00,
};

static const unsigned char glyph_243_data[] = {
    0x00, 0x00, 0x00, 0x04, 0x08, 0x10, 0x20, 0x10,
    0x08, 0x04, 0x00, 0x3e, 0x00, 0x00, 0x00, 0x00,
};

static const unsigned char glyph_244_data[] = {
    0x00, 0x00, 0x0c, 0x12, 0x12, 0x10, 0x10, 0x10,
    0x10, 0x10, 0x10, 0x10, 0x10, 0x10, 0x10, 0x10,
};

static const unsigned char glyph_245_data[] = {
    0x10, 0x10, 0x10, 0x10, 0x10, 0x10, 0x10, 0x10,
    0x10, 0x90, 0x90, 0x60, 0x00, 0x00, 0x00, 0x00,
};

static const unsigned char glyph_246_data[] = {
    0x00, 0x00, 0x00, 0x00, 0x10, 0x10, 0x00, 0x7c,
    0x00, 0x10, 0x10, 0x00, 0x00, 0x00, 0x00, 0x00,
};

static const unsigned char glyph_247_data[] = {
    0x00, 0x00, 0x00, 0x00, 0x00, 0x32, 0x4c, 0x00,
    0x32, 0x4c, 0x00, 0x00, 0x00, 0x00, 0x00, 0x00,
};

static const unsigned char glyph_248_data[] = {
    0x00, 0x18, 0x24, 0x24, 0x18, 0x00, 0x00, 0x00,
    0x00, 0x00, 0x00, 0x00, 0x00, 0x00, 0x00, 0x00,
};

static const unsigned char glyph_249_data[] = {
    0x00, 0x00, 0x00, 0x00, 0x00, 0x00, 0x00, 0x18,
    0x18, 0x00, 0x00, 0x00, 0x00, 0x00, 0x00, 0x00,
};

static const unsigned char glyph_250_data[] = {
    0x00, 0x00, 0x00, 0x00, 0x00, 0x00, 0x00, 0x10,
    0x10, 0x00, 0x00, 0x00, 0x00, 0x00, 0x00, 0x00,
};

static const unsigned char glyph_251_data[] = {
    0x00, 0x06, 0x04, 0x04, 0x04, 0x04, 0x44, 0x44,
    0x44, 0x24, 0x14, 0x0c, 0x00, 0x00, 0x00, 0x00,
};

static const unsigned char glyph_252_data[] = {
    0x00, 0x00, 0x38, 0x24, 0x24, 0x24, 0x24, 0x00,
    0x00, 0x00, 0x00, 0x00, 0x00, 0x00, 0x00, 0x00,
};

static const unsigned char glyph_253_data[] = {
    0x00, 0x18, 0x24, 0x04, 0x08, 0x10, 0x3c, 0x00,
    0x00, 0x00, 0x00, 0x00, 0x00, 0x00, 0x00, 0x00,
};

static const unsigned char glyph_254_data[] = {
    0x00, 0x00, 0x00, 0x00, 0x00, 0x3c, 0x3c, 0x3c,
    0x3c, 0x3c, 0x3c, 0x00, 0x00, 0x00, 0x00, 0x00,
};

static const unsigned char glyph_255_data[] = {
    0x00, 0x00, 0x40, 0x40, 0x40, 0x7c, 0x42, 0x42,
    0x42, 0x42, 0x42, 0x7c, 0x40, 0x40, 0x40, 0x00,
};

static const unsigned char glyph_256_data[] = {
    0x24, 0x18, 0x00, 0x3c, 0x42, 0x40, 0x40, 0x4e,
    0x42, 0x42, 0x42, 0x3c, 0x00, 0x00, 0x00, 0x00,
};

static const unsigned char glyph_257_data[] = {
    0x00, 0x00, 0x24, 0x18, 0x00, 0x3e, 0x42, 0x42,
    0x42, 0x42, 0x42, 0x3e, 0x02, 0x02, 0x3c, 0x00,
};

static const unsigned char glyph_258_data[] = {
    0x10, 0x10, 0x00, 0x38, 0x10, 0x10, 0x10, 0x10,
    0x10, 0x10, 0x10, 0x38, 0x00, 0x00, 0x00, 0x00,
};

static const unsigned char glyph_259_data[] = {
    0x00, 0x00, 0x00, 0x00, 0x00, 0x30, 0x10, 0x10,
    0x10, 0x10, 0x10, 0x38, 0x00, 0x00, 0x00, 0x00,
};

static const unsigned char glyph_260_data[] = {
    0x00, 0x00, 0x7e, 0x90, 0x90, 0x90, 0x9c, 0x90,
    0x90, 0x90, 0x90, 0x7e, 0x00, 0x00, 0x00, 0x00,
};

static const unsigned char glyph_261_data[] = {
    0x00, 0x00, 0x00, 0x00, 0x00, 0x7c, 0x92, 0x92,
    0x9e, 0x90, 0x90, 0x7c, 0x00, 0x00, 0x00, 0x00,
};

static const unsigned char glyph_262_data[] = {
    0x00, 0x00, 0x3c, 0x42, 0x40, 0x40, 0x3c, 0x02,
    0x02, 0x42, 0x42, 0x3c, 0x10, 0x10, 0x20, 0x00,
};

static const unsigned char glyph_263_data[] = {
    0x00, 0x00, 0x00, 0x00, 0x00, 0x3e, 0x40, 0x40,
    0x3c, 0x02, 0x02, 0x7c, 0x10, 0x10, 0x20, 0x00,
};

static const unsigned char glyph_264_data[] = {
    0x24, 0x18, 0x00, 0x3c, 0x42, 0x40, 0x40, 0x3c,
    0x02, 0x02, 0x42, 0x3c, 0x00, 0x00, 0x00, 0x00,
};

static const unsigned char glyph_265_data[] = {
    0x00, 0x00, 0x24, 0x18, 0x00, 0x3e, 0x40, 0x40,
    0x3c, 0x02, 0x02, 0x7c, 0x00, 0x00, 0x00, 0x00,
};

static const unsigned char glyph_266_data[] = {
    0x44, 0x44, 0x00, 0x82, 0x82, 0x44, 0x44, 0x28,
    0x10, 0x10, 0x10, 0x10, 0x00, 0x00, 0x00, 0x00,
};

static const unsigned char glyph_267_data[] = {
    0x24, 0x18, 0x00, 0x7e, 0x02, 0x04, 0x08, 0x10,
    0x20, 0x40, 0x40, 0x7e, 0x00, 0x00, 0x00, 0x00,
};

static const unsigned char glyph_268_data[] = {
    0x00, 0x00, 0x24, 0x18, 0x00, 0x7e, 0x04, 0x08,
    0x10, 0x20, 0x40, 0x7e, 0x00, 0x00, 0x00, 0x00,
};

static const unsigned char glyph_269_data[] = {
    0x18, 0x24, 0x00, 0x00, 0x00, 0x00, 0x00, 0x00,
    0x00, 0x00, 0x00, 0x00, 0x00, 0x00, 0x00, 0x00,
};

static const unsigned char glyph_270_data[] = {
    0x32, 0x4c, 0x00, 0x00, 0x00, 0x00, 0x00, 0x00,
    0x00, 0x00, 0x00, 0x00, 0x00, 0x00, 0x00, 0x00,
};

static const unsigned char glyph_271_data[] = {
    0x00, 0x00, 0x00, 0x00, 0x00, 0x00, 0x00, 0xfe,
    0x00, 0x00, 0x00, 0x00, 0x00, 0x00, 0x00, 0x00,
};

static const unsigned char glyph_272_data[] = {
    0x00, 0x08, 0x10, 0x10, 0x00, 0x00, 0x00, 0x00,
    0x00, 0x00, 0x00, 0x00, 0x00, 0x00, 0x00, 0x00,
};

static const unsigned char glyph_273_data[] = {
    0x00, 0x08, 0x08, 0x10, 0x00, 0x00, 0x00, 0x00,
    0x00, 0x00, 0x00, 0x00, 0x00, 0x00, 0x00, 0x00,
};

static const unsigned char glyph_274_data[] = {
    0x00, 0x00, 0x00, 0x00, 0x00, 0x00, 0x00, 0x00,
    0x00, 0x00, 0x08, 0x08, 0x10, 0x00, 0x00, 0x00,
};

static const unsigned char glyph_275_data[] = {
    0x00, 0x12, 0x24, 0x24, 0x00, 0x00, 0x00, 0x00,
    0x00, 0x00, 0x00, 0x00, 0x00, 0x00, 0x00, 0x00,
};

static const unsigned char glyph_276_data[] = {
    0x00, 0x12, 0x12, 0x24, 0x00, 0x00, 0x00, 0x00,
    0x00, 0x00, 0x00, 0x00, 0x00, 0x00, 0x00, 0x00,
};

static const unsigned char glyph_277_data[] = {
    0x00, 0x00, 0x00, 0x00, 0x00, 0x00, 0x00, 0x00,
    0x00, 0x00, 0x24, 0x24, 0x48, 0x00, 0x00, 0x00,
};

static const unsigned char glyph_278_data[] = {
    0x00, 0x00, 0x10, 0x10, 0x7c, 0x10, 0x10, 0x10,
    0x10, 0x10, 0x10, 0x10, 0x00, 0x00, 0x00, 0x00,
};

static const unsigned char glyph_279_data[] = {
    0x00, 0x00, 0x10, 0x10, 0x7c, 0x10, 0x10, 0x10,
    0x10, 0x7c, 0x10, 0x10, 0x00, 0x00, 0x00, 0x00,
};

static const unsigned char glyph_280_data[] = {
    0x00, 0x00, 0x00, 0x00, 0x00, 0x00, 0x00, 0x00,
    0x00, 0x00, 0x92, 0x92, 0x00, 0x00, 0x00, 0x00,
};

static const unsigned char glyph_281_data[] = {
    0x00, 0x00, 0x48, 0xa8, 0x50, 0x10, 0x20, 0x20,
    0x40, 0x54, 0xaa, 0x94, 0x00, 0x00, 0x00, 0x00,
};

static const unsigned char glyph_282_data[] = {
    0x00, 0x00, 0x00, 0x00, 0x00, 0x04, 0x08, 0x10,
    0x20, 0x10, 0x08, 0x04, 0x00, 0x00, 0x00, 0x00,
};

static const unsigned char glyph_283_data[] = {
    0x00, 0x00, 0x00, 0x00, 0x00, 0x20, 0x10, 0x08,
    0x04, 0x08, 0x10, 0x20, 0x00, 0x00, 0x00, 0x00,
};

static const unsigned char glyph_284_data[] = {
    0x00, 0x00, 0x00, 0x1c, 0x22, 0x40, 0xf8, 0x40,
    0xf8, 0x40, 0x22, 0x1c, 0x00, 0x00, 0x00, 0x00,
};

static const unsigned char glyph_285_data[] = {
    0x24, 0x18, 0x00, 0x3c, 0x42, 0x42, 0x42, 0x7e,
    0x42, 0x42, 0x42, 0x42, 0x00, 0x00, 0x00, 0x00,
};

static const unsigned char glyph_286_data[] = {
    0x00, 0x00, 0x24, 0x18, 0x00, 0x3c, 0x02, 0x3e,
    0x42, 0x42, 0x42, 0x3e, 0x00, 0x00, 0x00, 0x00,
};

static const unsigned char glyph_287_data[] = {
    0x08, 0x10, 0x00, 0x3c, 0x42, 0x42, 0x40, 0x40,
    0x40, 0x42, 0x42, 0x3c, 0x00, 0x00, 0x00, 0x00,
};

static const unsigned char glyph_288_data[] = {
    0x00, 0x00, 0x08, 0x10, 0x00, 0x3c, 0x42, 0x40,
    0x40, 0x40, 0x42, 0x3c, 0x00, 0x00, 0x00, 0x00,
};

static const unsigned char glyph_289_data[] = {
    0x24, 0x18, 0x00, 0x3c, 0x42, 0x42, 0x40, 0x40,
    0x40, 0x42, 0x42, 0x3c, 0x00, 0x00, 0x00, 0x00,
};

static const unsigned char glyph_290_data[] = {
    0x00, 0x00, 0x24, 0x18, 0x00, 0x3c, 0x42, 0x40,
    0x40, 0x40, 0x42, 0x3c, 0x00, 0x00, 0x00, 0x00,
};

static const unsigned char glyph_291_data[] = {
    0x24, 0x18, 0x00, 0x78, 0x44, 0x42, 0x42, 0x42,
    0x42, 0x42, 0x44, 0x78, 0x00, 0x00, 0x00, 0x00,
};

static const unsigned char glyph_292_data[] = {
    0x24, 0x18, 0x02, 0x02, 0x02, 0x3e, 0x42, 0x42,
    0x42, 0x42, 0x42, 0x3e, 0x00, 0x00, 0x00, 0x00,
};

static const unsigned char glyph_293_data[] = {
    0x00, 0x00, 0x00, 0x00, 0x00, 0x3c, 0x42, 0x42,
    0x7e, 0x40, 0x40, 0x3c, 0x08, 0x10, 0x0c, 0x00,
};

static const unsigned char glyph_294_data[] = {
    0x24, 0x18, 0x00, 0x7e, 0x40, 0x40, 0x40, 0x78,
    0x40, 0x40, 0x40, 0x7e, 0x00, 0x00, 0x00, 0x00,
};

static const unsigned char glyph_295_data[] = {
    0x00, 0x00, 0x24, 0x18, 0x00, 0x3c, 0x42, 0x42,
    0x7e, 0x40, 0x40, 0x3c, 0x00, 0x00, 0x00, 0x00,
};

static const unsigned char glyph_296_data[] = {
    0x20, 0x40, 0x00, 0x40, 0x40, 0x40, 0x40, 0x40,
    0x40, 0x40, 0x40, 0x7e, 0x00, 0x00, 0x00, 0x00,
};

static const unsigned char glyph_297_data[] = {
    0x08, 0x10, 0x00, 0x30, 0x10, 0x10, 0x10, 0x10,
    0x10, 0x10, 0x10, 0x38, 0x00, 0x00, 0x00, 0x00,
};

static const unsigned char glyph_298_data[] = {
    0x24, 0x18, 0x40, 0x40, 0x40, 0x40, 0x40, 0x40,
    0x40, 0x40, 0x40, 0x7e, 0x00, 0x00, 0x00, 0x00,
};

static const unsigned char glyph_299_data[] = {
    0x48, 0x30, 0x00, 0x30, 0x10, 0x10, 0x10, 0x10,
    0x10, 0x10, 0x10, 0x38, 0x00, 0x00, 0x00, 0x00,
};

static const unsigned char glyph_300_data[] = {
    0x00, 0x00, 0x40, 0x40, 0x40, 0x40, 0x60, 0xc0,
    0x40, 0x40, 0x40, 0x7e, 0x00, 0x00, 0x00, 0x00,
};

static const unsigned char glyph_301_data[] = {
    0x00, 0x00, 0x30, 0x10, 0x10, 0x10, 0x18, 0x30,
    0x10, 0x10, 0x10, 0x38, 0x00, 0x00, 0x00, 0x00,
};

static const unsigned char glyph_302_data[] = {
    0x08, 0x10, 0x42, 0x42, 0x42, 0x62, 0x52, 0x4a,
    0x46, 0x42, 0x42, 0x42, 0x00, 0x00, 0x00, 0x00,
};

static const unsigned char glyph_303_data[] = {
    0x00, 0x00, 0x08, 0x10, 0x00, 0x7c, 0x42, 0x42,
    0x42, 0x42, 0x42, 0x42, 0x00, 0x00, 0x00, 0x00,
};

static const unsigned char glyph_304_data[] = {
    0x24, 0x18, 0x42, 0x42, 0x42, 0x62, 0x52, 0x4a,
    0x46, 0x42, 0x42, 0x42, 0x00, 0x00, 0x00, 0x00,
};

static const unsigned char glyph_305_data[] = {
    0x00, 0x00, 0x24, 0x18, 0x00, 0x7c, 0x42, 0x42,
    0x42, 0x42, 0x42, 0x42, 0x00, 0x00, 0x00, 0x00,
};

static const unsigned char glyph_306_data[] = {
    0x12, 0x24, 0x00, 0x3c, 0x42, 0x42, 0x42, 0x42,
    0x42, 0x42, 0x42, 0x3c, 0x00, 0x00, 0x00, 0x00,
};

static const unsigned char glyph_307_data[] = {
    0x00, 0x00, 0x12, 0x24, 0x00, 0x3c, 0x42, 0x42,
    0x42, 0x42, 0x42, 0x3c, 0x00, 0x00, 0x00, 0x00,
};

static const unsigned char glyph_308_data[] = {
    0x08, 0x10, 0x00, 0x7c, 0x42, 0x42, 0x42, 0x7c,
    0x50, 0x48, 0x44, 0x42, 0x00, 0x00, 0x00, 0x00,
};

static const unsigned char glyph_309_data[] = {
    0x00, 0x00, 0x08, 0x10, 0x00, 0x5e, 0x60, 0x40,
    0x40, 0x40, 0x40, 0x40, 0x00, 0x00, 0x00, 0x00,
};

static const unsigned char glyph_310_data[] = {
    0x24, 0x18, 0x00, 0x7c, 0x42, 0x42, 0x42, 0x7c,
    0x50, 0x48, 0x44, 0x42, 0x00, 0x00, 0x00, 0x00,
};

static const unsigned char glyph_311_data[] = {
    0x00, 0x00, 0x24, 0x18, 0x00, 0x5e, 0x60, 0x40,
    0x40, 0x40, 0x40, 0x40, 0x00, 0x00, 0x00, 0x00,
};

static const unsigned char glyph_312_data[] = {
    0x08, 0x10, 0x00, 0x3c, 0x42, 0x40, 0x40, 0x3c,
    0x02, 0x02, 0x42, 0x3c, 0x00, 0x00, 0x00, 0x00,
};

static const unsigned char glyph_313_data[] = {
    0x00, 0x00, 0x04, 0x08, 0x00, 0x3e, 0x40, 0x40,
    0x3c, 0x02, 0x02, 0x7c, 0x00, 0x00, 0x00, 0x00,
};

static const unsigned char glyph_314_data[] = {
    0x00, 0x00, 0xfe, 0x10, 0x10, 0x10, 0x10, 0x10,
    0x10, 0x10, 0x10, 0x10, 0x08, 0x08, 0x10, 0x00,
};

static const unsigned char glyph_315_data[] = {
    0x00, 0x00, 0x10, 0x10, 0x10, 0x7c, 0x10, 0x10,
    0x10, 0x10, 0x10, 0x0e, 0x04, 0x04, 0x08, 0x00,
};

static const unsigned char glyph_316_data[] = {
    0x24, 0x18, 0x00, 0xfe, 0x10, 0x10, 0x10, 0x10,
    0x10, 0x10, 0x10, 0x10, 0x00, 0x00, 0x00, 0x00,
};

static const unsigned char glyph_317_data[] = {
    0x24, 0x18, 0x00, 0x10, 0x10, 0x7c, 0x10, 0x10,
    0x10, 0x10, 0x10, 0x0e, 0x00, 0x00, 0x00, 0x00,
};

static const unsigned char glyph_318_data[] = {
    0x18, 0x24, 0x18, 0x42, 0x42, 0x42, 0x42, 0x42,
    0x42, 0x42, 0x42, 0x3c, 0x00, 0x00, 0x00, 0x00,
};

static const unsigned char glyph_319_data[] = {
    0x00, 0x00, 0x18, 0x24, 0x18, 0x42, 0x42, 0x42,
    0x42, 0x42, 0x42, 0x3e, 0x00, 0x00, 0x00, 0x00,
};

static const unsigned char glyph_320_data[] = {
    0x12, 0x24, 0x00, 0x42, 0x42, 0x42, 0x42, 0x42,
    0x42, 0x42, 0x42, 0x3c, 0x00, 0x00, 0x00, 0x00,
};

static const unsigned char glyph_321_data[] = {
    0x00, 0x00, 0x12, 0x24, 0x00, 0x42, 0x42, 0x42,
    0x42, 0x42, 0x42, 0x3e, 0x00, 0x00, 0x00, 0x00,
};

static const unsigned char glyph_322_data[] = {
    0x08, 0x10, 0x00, 0x7e, 0x02, 0x04, 0x08, 0x10,
    0x20, 0x40, 0x40, 0x7e, 0x00, 0x00, 0x00, 0x00,
};

static const unsigned char glyph_323_data[] = {
    0x00, 0x00, 0x08, 0x10, 0x00, 0x7e, 0x04, 0x08,
    0x10, 0x20, 0x40, 0x7e, 0x00, 0x00, 0x00, 0x00,
};

static const unsigned char glyph_324_data[] = {
    0x10, 0x10, 0x00, 0x7e, 0x02, 0x04, 0x08, 0x10,
    0x20, 0x40, 0x40, 0x7e, 0x00, 0x00, 0x00, 0x00,
};

static const unsigned char glyph_325_data[] = {
    0x00, 0x00, 0x10, 0x10, 0x00, 0x7e, 0x04, 0x08,
    0x10, 0x20, 0x40, 0x7e, 0x00, 0x00, 0x00, 0x00,
};

static const unsigned char glyph_326_data[] = {
    0x00, 0x00, 0x3c, 0x42, 0x40, 0x40, 0x3c, 0x02,
    0x02, 0x42, 0x42, 0x3c, 0x00, 0x10, 0x10, 0x20,
};

static const unsigned char glyph_327_data[] = {
    0x00, 0x00, 0x00, 0x00, 0x00, 0x3e, 0x40, 0x40,
    0x3c, 0x02, 0x02, 0x7c, 0x00, 0x10, 0x10, 0x20,
};

static const unsigned char glyph_328_data[] = {
    0x00, 0x00, 0xfe, 0x10, 0x10, 0x10, 0x10, 0x10,
    0x10, 0x10, 0x10, 0x10, 0x00, 0x10, 0x10, 0x20,
};

static const unsigned char glyph_329_data[] = {
    0x00, 0x00, 0x10, 0x10, 0x10, 0x7c, 0x10, 0x10,
    0x10, 0x10, 0x10, 0x0e, 0x00, 0x04, 0x04, 0x08,
};

static const unsigned char glyph_330_data[] = {
    0x24, 0x18, 0x00, 0x00, 0x00, 0x00, 0x00, 0x00,
    0x00, 0x00, 0x00, 0x00, 0x00, 0x00, 0x00, 0x00,
};

static const unsigned char glyph_331_data[] = {
    0x24, 0x18, 0x00, 0x00, 0x00, 0x00, 0x00, 0x00,
    0x00, 0x00, 0x00, 0x00, 0x00, 0x00, 0x00, 0x00,
};

static const unsigned char glyph_332_data[] = {
    0x10, 0x10, 0x00, 0x00, 0x00, 0x00, 0x00, 0x00,
    0x00, 0x00, 0x00, 0x00, 0x00, 0x00, 0x00, 0x00,
};

static const unsigned char glyph_333_data[] = {
    0x00, 0x00, 0x00, 0x00, 0x00, 0x00, 0x00, 0x00,
    0x00, 0x00, 0x00, 0x00, 0x08, 0x10, 0x0c, 0x00,
};

static const unsigned char glyph_334_data[] = {
    0x12, 0x24, 0x00, 0x00, 0x00, 0x00, 0x00, 0x00,
    0x00, 0x00, 0x00, 0x00, 0x00, 0x00, 0x00, 0x00,
};

static const unsigned char glyph_335_data[] = {
    0x18, 0x24, 0x00, 0x3c, 0x42, 0x42, 0x40, 0x40,
    0x40, 0x42, 0x42, 0x3c, 0x00, 0x00, 0x00, 0x00,
};

static const unsigned char glyph_336_data[] = {
    0x00, 0x00, 0x18, 0x24, 0x00, 0x3c, 0x42, 0x40,
    0x40, 0x40, 0x42, 0x3c, 0x00, 0x00, 0x00, 0x00,
};

static const unsigned char glyph_337_data[] = {
    0x10, 0x10, 0x00, 0x3c, 0x42, 0x42, 0x40, 0x40,
    0x40, 0x42, 0x42, 0x3c, 0x00, 0x00, 0x00, 0x00,
};

static const unsigned char glyph_338_data[] = {
    0x00, 0x00, 0x10, 0x10, 0x00, 0x3c, 0x42, 0x40,
    0x40, 0x40, 0x42, 0x3c, 0x00, 0x00, 0x00, 0x00,
};

static const unsigned char glyph_339_data[] = {
    0x18, 0x24, 0x00, 0x3c, 0x42, 0x40, 0x40, 0x4e,
    0x42, 0x42, 0x42, 0x3c, 0x00, 0x00, 0x00, 0x00,
};

static const unsigned char glyph_340_data[] = {
    0x00, 0x00, 0x18, 0x24, 0x00, 0x3e, 0x42, 0x42,
    0x42, 0x42, 0x42, 0x3e, 0x02, 0x02, 0x3c, 0x00,
};

static const unsigned char glyph_341_data[] = {
    0x10, 0x10, 0x00, 0x3c, 0x42, 0x40, 0x40, 0x4e,
    0x42, 0x42, 0x42, 0x3c, 0x00, 0x00, 0x00, 0x00,
};

static const unsigned char glyph_342_data[] = {
    0x00, 0x00, 0x08, 0x08, 0x00, 0x3e, 0x42, 0x42,
    0x42, 0x42, 0x42, 0x3e, 0x02, 0x02, 0x3c, 0x00,
};

static const unsigned char glyph_343_data[] = {
    0x18, 0x24, 0x00, 0x42, 0x42, 0x42, 0x42, 0x7e,
    0x42, 0x42, 0x42, 0x42, 0x00, 0x00, 0x00, 0x00,
};

static const unsigned char glyph_344_data[] = {
    0x0c, 0x12, 0x40, 0x40, 0x40, 0x7c, 0x42, 0x42,
    0x42, 0x42, 0x42, 0x42, 0x00, 0x00, 0x00, 0x00,
};

static const unsigned char glyph_345_data[] = {
    0x00, 0x00, 0x40, 0xf0, 0x40, 0x7c, 0x42, 0x42,
    0x42, 0x42, 0x42, 0x42, 0x00, 0x00, 0x00, 0x00,
};

static const unsigned char glyph_346_data[] = {
    0x0c, 0x12, 0x00, 0x0e, 0x04, 0x04, 0x04, 0x04,
    0x04, 0x44, 0x44, 0x38, 0x00, 0x00, 0x00, 0x00,
};

static const unsigned char glyph_347_data[] = {
    0x00, 0x00, 0x0c, 0x12, 0x00, 0x0c, 0x04, 0x04,
    0x04, 0x04, 0x04, 0x04, 0x44, 0x44, 0x38, 0x00,
};

static const unsigned char glyph_348_data[] = {
    0x18, 0x24, 0x00, 0x3c, 0x42, 0x40, 0x40, 0x3c,
    0x02, 0x02, 0x42, 0x3c, 0x00, 0x00, 0x00, 0x00,
};

static const unsigned char glyph_349_data[] = {
    0x00, 0x00, 0x18, 0x24, 0x00, 0x3e, 0x40, 0x40,
    0x3c, 0x02, 0x02, 0x7c, 0x00, 0x00, 0x00, 0x00,
};

static const unsigned char glyph_350_data[] = {
    0x24, 0x18, 0x42, 0x42, 0x42, 0x42, 0x42, 0x42,
    0x42, 0x42, 0x42, 0x3c, 0x00, 0x00, 0x00, 0x00,
};

static const unsigned char glyph_351_data[] = {
    0x00, 0x00, 0x24, 0x18, 0x00, 0x42, 0x42, 0x42,
    0x42, 0x42, 0x42, 0x3e, 0x00, 0x00, 0x00, 0x00,
};

static const unsigned char glyph_352_data[] = {
    0x18, 0x24, 0x00, 0x82, 0x82, 0x82, 0x82, 0x92,
    0x92, 0xaa, 0xc6, 0x82, 0x00, 0x00, 0x00, 0x00,
};

static const unsigned char glyph_353_data[] = {
    0x00, 0x00, 0x18, 0x24, 0x00, 0x82, 0x82, 0x92,
    0x92, 0x92, 0x92, 0x7c, 0x00, 0x00, 0x00, 0x00,
};

static const unsigned char glyph_354_data[] = {
    0x18, 0x24, 0x00, 0x82, 0x82, 0x44, 0x44, 0x28,
    0x10, 0x10, 0x10, 0x10, 0x00, 0x00, 0x00, 0x00,
};

static const unsigned char glyph_355_data[] = {
    0x00, 0x00, 0x18, 0x24, 0x00, 0x42, 0x42, 0x42,
    0x42, 0x42, 0x42, 0x3e, 0x02, 0x02, 0x3c, 0x00,
};

static const unsigned char glyph_356_data[] = {
    0x10, 0x10, 0x82, 0xc6, 0xaa, 0x92, 0x92, 0x82,
    0x82, 0x82, 0x82, 0x82, 0x00, 0x00, 0x00, 0x00,
};

static const unsigned char glyph_357_data[] = {
    0x00, 0x00, 0x10, 0x10, 0x00, 0xfc, 0x92, 0x92,
    0x92, 0x92, 0x92, 0x92, 0x00, 0x00, 0x00, 0x00,
};

static const unsigned char glyph_358_data[] = {
    0x3c, 0x00, 0x3c, 0x42, 0x42, 0x42, 0x42, 0x7e,
    0x42, 0x42, 0x42, 0x42, 0x00, 0x00, 0x00, 0x00,
};

static const unsigned char glyph_359_data[] = {
    0x00, 0x00, 0x00, 0x3c, 0x00, 0x3c, 0x02, 0x3e,
    0x42, 0x42, 0x42, 0x3e, 0x00, 0x00, 0x00, 0x00,
};

static const unsigned char glyph_360_data[] = {
    0x3c, 0x00, 0x7e, 0x40, 0x40, 0x40, 0x78, 0x40,
    0x40, 0x40, 0x40, 0x7e, 0x00, 0x00, 0x00, 0x00,
};

static const unsigned char glyph_361_data[] = {
    0x00, 0x00, 0x00, 0x3c, 0x00, 0x3c, 0x42, 0x42,
    0x7e, 0x40, 0x40, 0x3c, 0x00, 0x00, 0x00, 0x00,
};

static const unsigned char glyph_362_data[] = {
    0x10, 0x10, 0x00, 0x7e, 0x40, 0x40, 0x40, 0x78,
    0x40, 0x40, 0x40, 0x7e, 0x00, 0x00, 0x00, 0x00,
};

static const unsigned char glyph_363_data[] = {
    0x00, 0x00, 0x10, 0x10, 0x00, 0x3c, 0x42, 0x42,
    0x7e, 0x40, 0x40, 0x3c, 0x00, 0x00, 0x00, 0x00,
};

static const unsigned char glyph_364_data[] = {
    0x00, 0x00, 0x3c, 0x42, 0x42, 0x40, 0x40, 0x4e,
    0x42, 0x42, 0x42, 0x3c, 0x00, 0x10, 0x10, 0x20,
};

static const unsigned char glyph_365_data[] = {
    0x00, 0x04, 0x08, 0x08, 0x00, 0x3e, 0x42, 0x42,
    0x42, 0x42, 0x42, 0x3e, 0x02, 0x02, 0x3c, 0x00,
};

static const unsigned char glyph_366_data[] = {
    0x7c, 0x00, 0x38, 0x10, 0x10, 0x10, 0x10, 0x10,
    0x10, 0x10, 0x10, 0x38, 0x00, 0x00, 0x00, 0x00,
};

static const unsigned char glyph_367_data[] = {
    0x00, 0x00, 0x00, 0x78, 0x00, 0x30, 0x10, 0x10,
    0x10, 0x10, 0x10, 0x38, 0x00, 0x00, 0x00, 0x00,
};

static const unsigned char glyph_368_data[] = {
    0x00, 0x00, 0x38, 0x10, 0x10, 0x10, 0x10, 0x10,
    0x10, 0x10, 0x10, 0x38, 0x10, 0x20, 0x18, 0x00,
};

static const unsigned char glyph_369_data[] = {
    0x00, 0x00, 0x10, 0x10, 0x00, 0x30, 0x10, 0x10,
    0x10, 0x10, 0x10, 0x38, 0x10, 0x20, 0x18, 0x00,
};

static const unsigned char glyph_370_data[] = {
    0x00, 0x00, 0x42, 0x44, 0x48, 0x50, 0x60, 0x60,
    0x50, 0x48, 0x44, 0x42, 0x00, 0x10, 0x10, 0x20,
};

static const unsigned char glyph_371_data[] = {
    0x00, 0x00, 0x40, 0x40, 0x40, 0x42, 0x44, 0x48,
    0x70, 0x48, 0x44, 0x42, 0x00, 0x10, 0x10, 0x20,
};

static const unsigned char glyph_372_data[] = {
    0x00, 0x00, 0x40, 0x40, 0x40, 0x40, 0x40, 0x40,
    0x40, 0x40, 0x40, 0x7e, 0x00, 0x10, 0x10, 0x20,
};

static const unsigned char glyph_373_data[] = {
    0x00, 0x00, 0x30, 0x10, 0x10, 0x10, 0x10, 0x10,
    0x10, 0x10, 0x10, 0x38, 0x00, 0x10, 0x10, 0x20,
};

static const unsigned char glyph_374_data[] = {
    0x00, 0x00, 0x42, 0x42, 0x42, 0x62, 0x52, 0x4a,
    0x46, 0x42, 0x42, 0x42, 0x00, 0x10, 0x10, 0x20,
};

static const unsigned char glyph_375_data[] = {
    0x00, 0x00, 0x00, 0x00, 0x00, 0x7c, 0x42, 0x42,
    0x42, 0x42, 0x42, 0x42, 0x00, 0x10, 0x10, 0x20,
};

static const unsigned char glyph_376_data[] = {
    0x3c, 0x00, 0x3c, 0x42, 0x42, 0x42, 0x42, 0x42,
    0x42, 0x42, 0x42, 0x3c, 0x00, 0x00, 0x00, 0x00,
};

static const unsigned char glyph_377_data[] = {
    0x00, 0x00, 0x00, 0x3c, 0x00, 0x3c, 0x42, 0x42,
    0x42, 0x42, 0x42, 0x3c, 0x00, 0x00, 0x00, 0x00,
};

static const unsigned char glyph_378_data[] = {
    0x00, 0x00, 0x7c, 0x42, 0x42, 0x42, 0x42, 0x7c,
    0x50, 0x48, 0x44, 0x42, 0x00, 0x10, 0x10, 0x20,
};

static const unsigned char glyph_379_data[] = {
    0x00, 0x00, 0x00, 0x00, 0x00, 0x5e, 0x60, 0x40,
    0x40, 0x40, 0x40, 0x40, 0x00, 0x40, 0x40, 0x80,
};

static const unsigned char glyph_380_data[] = {
    0x3c, 0x00, 0x42, 0x42, 0x42, 0x42, 0x42, 0x42,
    0x42, 0x42, 0x42, 0x3c, 0x00, 0x00, 0x00, 0x00,
};

static const unsigned char glyph_381_data[] = {
    0x00, 0x00, 0x00, 0x3c, 0x00, 0x42, 0x42, 0x42,
    0x42, 0x42, 0x42, 0x3e, 0x00, 0x00, 0x00, 0x00,
};

static const unsigned char glyph_382_data[] = {
    0x00, 0x00, 0x42, 0x42, 0x42, 0x42, 0x42, 0x42,
    0x42, 0x42, 0x42, 0x3c, 0x08, 0x10, 0x0c, 0x00,
};

static const unsigned char glyph_383_data[] = {
    0x10, 0x08, 0x00, 0x7e, 0x40, 0x40, 0x40, 0x78,
    0x40, 0x40, 0x40, 0x7e, 0x00, 0x00, 0x00, 0x00,
};

static const unsigned char glyph_384_data[] = {
    0x00, 0x00, 0xf8, 0x20, 0x20, 0x3c, 0x22, 0x22,
    0x22, 0x22, 0x22, 0x24, 0x00, 0x00, 0x00, 0x00,
};

static const unsigned char glyph_385_data[] = {
    0x08, 0x10, 0x00, 0x7e, 0x40, 0x40, 0x40, 0x40,
    0x40, 0x40, 0x40, 0x40, 0x00, 0x00, 0x00, 0x00,
};

static const unsigned char glyph_386_data[] = {
    0x00, 0x00, 0x3c, 0x42, 0x40, 0x40, 0x78, 0x40,
    0x40, 0x40, 0x42, 0x3c, 0x00, 0x00, 0x00, 0x00,
};

static const unsigned char glyph_387_data[] = {
    0x00, 0x00, 0x30, 0x50, 0x90, 0x9c, 0x92, 0x92,
    0x92, 0x92, 0x92, 0x9c, 0x00, 0x00, 0x00, 0x00,
};

static const unsigned char glyph_388_data[] = {
    0x00, 0x00, 0x90, 0x90, 0x90, 0x9c, 0xf2, 0x92,
    0x92, 0x92, 0x92, 0x9c, 0x00, 0x00, 0x00, 0x00,
};

static const unsigned char glyph_389_data[] = {
    0x00, 0x00, 0xf8, 0x20, 0x20, 0x3c, 0x22, 0x22,
    0x22, 0x22, 0x22, 0x22, 0x00, 0x00, 0x00, 0x00,
};

static const unsigned char glyph_390_data[] = {
    0x08, 0x10, 0x42, 0x44, 0x48, 0x50, 0x60, 0x60,
    0x50, 0x48, 0x44, 0x42, 0x00, 0x00, 0x00, 0x00,
};

static const unsigned char glyph_391_data[] = {
    0x10, 0x08, 0x42, 0x42, 0x42, 0x46, 0x4a, 0x52,
    0x62, 0x42, 0x42, 0x42, 0x00, 0x00, 0x00, 0x00,
};

static const unsigned char glyph_392_data[] = {
    0x24, 0x18, 0x42, 0x42, 0x42, 0x42, 0x42, 0x3e,
    0x02, 0x02, 0x02, 0x3c, 0x00, 0x00, 0x00, 0x00,
};

static const unsigned char glyph_393_data[] = {
    0x00, 0x00, 0x42, 0x42, 0x42, 0x42, 0x42, 0x42,
    0x42, 0x42, 0x42, 0x7e, 0x18, 0x18, 0x00, 0x00,
};

static const unsigned char glyph_394_data[] = {
    0x00, 0x00, 0x7c, 0x40, 0x40, 0x7c, 0x42, 0x42,
    0x42, 0x42, 0x42, 0x7c, 0x00, 0x00, 0x00, 0x00,
};

static const unsigned char glyph_395_data[] = {
    0x00, 0x00, 0x3c, 0x44, 0x44, 0x44, 0x44, 0x44,
    0x44, 0x44, 0x44, 0xfe, 0x82, 0x00, 0x00, 0x00,
};

static const unsigned char glyph_396_data[] = {
    0x00, 0x00, 0x92, 0x92, 0x92, 0x54, 0x38, 0x54,
    0x92, 0x92, 0x92, 0x92, 0x00, 0x00, 0x00, 0x00,
};

static const unsigned char glyph_397_data[] = {
    0x00, 0x00, 0x3c, 0x42, 0x42, 0x02, 0x1c, 0x02,
    0x02, 0x42, 0x42, 0x3c, 0x00, 0x00, 0x00, 0x00,
};

static const unsigned char glyph_398_data[] = {
    0x00, 0x00, 0x42, 0x42, 0x42, 0x46, 0x4a, 0x52,
    0x62, 0x42, 0x42, 0x42, 0x00, 0x00, 0x00, 0x00,
};

static const unsigned char glyph_399_data[] = {
    0x24, 0x18, 0x42, 0x42, 0x42, 0x46, 0x4a, 0x52,
    0x62, 0x42, 0x42, 0x42, 0x00, 0x00, 0x00, 0x00,
};

static const unsigned char glyph_400_data[] = {
    0x00, 0x00, 0x0e, 0x12, 0x22, 0x22, 0x22, 0x22,
    0x22, 0x22, 0x22, 0x42, 0x00, 0x00, 0x00, 0x00,
};

static const unsigned char glyph_401_data[] = {
    0x00, 0x00, 0x7e, 0x42, 0x42, 0x42, 0x42, 0x42,
    0x42, 0x42, 0x42, 0x42, 0x00, 0x00, 0x00, 0x00,
};

static const unsigned char glyph_402_data[] = {
    0x00, 0x00, 0x42, 0x42, 0x42, 0x42, 0x42, 0x3e,
    0x02, 0x02, 0x02, 0x3c, 0x00, 0x00, 0x00, 0x00,
};

static const unsigned char glyph_403_data[] = {
    0x00, 0x00, 0x42, 0x42, 0x42, 0x42, 0x42, 0x3e,
    0x02, 0x02, 0x02, 0x02, 0x00, 0x00, 0x00, 0x00,
};

static const unsigned char glyph_404_data[] = {
    0x00, 0x00, 0x92, 0x92, 0x92, 0x92, 0x92, 0x92,
    0x92, 0x92, 0x92, 0x7e, 0x00, 0x00, 0x00, 0x00,
};

static const unsigned char glyph_405_data[] = {
    0x00, 0x00, 0xc0, 0x40, 0x40, 0x7c, 0x42, 0x42,
    0x42, 0x42, 0x42, 0x7c, 0x00, 0x00, 0x00, 0x00,
};

static const unsigned char glyph_406_data[] = {
    0x00, 0x00, 0x82, 0x82, 0x82, 0xf2, 0x8a, 0x8a,
    0x8a, 0x8a, 0x8a, 0xf2, 0x00, 0x00, 0x00, 0x00,
};

static const unsigned char glyph_407_data[] = {
    0x00, 0x00, 0x40, 0x40, 0x40, 0x7c, 0x42, 0x42,
    0x42, 0x42, 0x42, 0x7c, 0x00, 0x00, 0x00, 0x00,
};

static const unsigned char glyph_408_data[] = {
    0x00, 0x00, 0x3c, 0x42, 0x02, 0x02, 0x1e, 0x02,
    0x02, 0x02, 0x42, 0x3c, 0x00, 0x00, 0x00, 0x00,
};

static const unsigned char glyph_409_data[] = {
    0x00, 0x00, 0x8c, 0x92, 0x92, 0x92, 0x92, 0xf2,
    0x92, 0x92, 0x92, 0x8c, 0x00, 0x00, 0x00, 0x00,
};

static const unsigned char glyph_410_data[] = {
    0x00, 0x00, 0x3e, 0x42, 0x42, 0x42, 0x42, 0x3e,
    0x0a, 0x12, 0x22, 0x42, 0x00, 0x00, 0x00, 0x00,
};

static const unsigned char glyph_411_data[] = {
    0x00, 0x00, 0x3c, 0x40, 0x40, 0x7c, 0x42, 0x42,
    0x42, 0x42, 0x42, 0x7c, 0x00, 0x00, 0x00, 0x00,
};

static const unsigned char glyph_412_data[] = {
    0x00, 0x00, 0x00, 0x00, 0x00, 0x7c, 0x42, 0x42,
    0x7c, 0x42, 0x42, 0x7c, 0x00, 0x00, 0x00, 0x00,
};

static const unsigned char glyph_413_data[] = {
    0x00, 0x00, 0x00, 0x00, 0x00, 0x7e, 0x40, 0x40,
    0x40, 0x40, 0x40, 0x40, 0x00, 0x00, 0x00, 0x00,
};

static const unsigned char glyph_414_data[] = {
    0x00, 0x00, 0x00, 0x00, 0x00, 0x3c, 0x44, 0x44,
    0x44, 0x44, 0x44, 0xfe, 0x82, 0x00, 0x00, 0x00,
};

static const unsigned char glyph_415_data[] = {
    0x00, 0x00, 0x00, 0x00, 0x00, 0x92, 0x92, 0x54,
    0x38, 0x54, 0x92, 0x92, 0x00, 0x00, 0x00, 0x00,
};

static const unsigned char glyph_416_data[] = {
    0x00, 0x00, 0x00, 0x00, 0x00, 0x3c, 0x42, 0x02,
    0x1c, 0x02, 0x42, 0x3c, 0x00, 0x00, 0x00, 0x00,
};

static const unsigned char glyph_417_data[] = {
    0x00, 0x00, 0x00, 0x00, 0x00, 0x42, 0x42, 0x42,
    0x42, 0x42, 0x42, 0x3e, 0x00, 0x00, 0x00, 0x00,
};

static const unsigned char glyph_418_data[] = {
    0x00, 0x00, 0x24, 0x18, 0x00, 0x42, 0x42, 0x42,
    0x42, 0x42, 0x42, 0x3e, 0x00, 0x00, 0x00, 0x00,
};

static const unsigned char glyph_419_data[] = {
    0x00, 0x00, 0x00, 0x00, 0x00, 0x42, 0x44, 0x48,
    0x70, 0x48, 0x44, 0x42, 0x00, 0x00, 0x00, 0x00,
};

static const unsigned char glyph_420_data[] = {
    0x00, 0x00, 0x00, 0x00, 0x00, 0x1e, 0x22, 0x22,
    0x22, 0x22, 0x22, 0x42, 0x00, 0x00, 0x00, 0x00,
};

static const unsigned char glyph_421_data[] = {
    0x00, 0x00, 0x00, 0x00, 0x00, 0x82, 0xc6, 0xaa,
    0x92, 0x82, 0x82, 0x82, 0x00, 0x00, 0x00, 0x00,
};

static const unsigned char glyph_422_data[] = {
    0x00, 0x00, 0x00, 0x00, 0x00, 0x42, 0x42, 0x42,
    0x7e, 0x42, 0x42, 0x42, 0x00, 0x00, 0x00, 0x00,
};

static const unsigned char glyph_423_data[] = {
    0x00, 0x00, 0x00, 0x00, 0x00, 0x7e, 0x42, 0x42,
    0x42, 0x42, 0x42, 0x42, 0x00, 0x00, 0x00, 0x00,
};

static const unsigned char glyph_424_data[] = {
    0x00, 0x00, 0x00, 0x00, 0x00, 0xfe, 0x10, 0x10,
    0x10, 0x10, 0x10, 0x10, 0x00, 0x00, 0x00, 0x00,
};

static const unsigned char glyph_425_data[] = {
    0x00, 0x00, 0x00, 0x00, 0x10, 0x7c, 0x92, 0x92,
    0x92, 0x92, 0x92, 0x7c, 0x10, 0x00, 0x00, 0x00,
};

static const unsigned char glyph_426_data[] = {
    0x00, 0x00, 0x00, 0x00, 0x00, 0x42, 0x42, 0x42,
    0x3e, 0x02, 0x02, 0x02, 0x00, 0x00, 0x00, 0x00,
};

static const unsigned char glyph_427_data[] = {
    0x00, 0x00, 0x00, 0x00, 0x00, 0x92, 0x92, 0x92,
    0x92, 0x92, 0x92, 0x7e, 0x00, 0x00, 0x00, 0x00,
};

static const unsigned char glyph_428_data[] = {
    0x00, 0x00, 0x00, 0x00, 0x00, 0x60, 0x20, 0x3c,
    0x22, 0x22, 0x22, 0x3c, 0x00, 0x00, 0x00, 0x00,
};

static const unsigned char glyph_429_data[] = {
    0x00, 0x00, 0x00, 0x00, 0x00, 0x82, 0x82, 0xf2,
    0x8a, 0x8a, 0x8a, 0xf2, 0x00, 0x00, 0x00, 0x00,
};

static const unsigned char glyph_430_data[] = {
    0x00, 0x00, 0x00, 0x00, 0x00, 0x40, 0x40, 0x78,
    0x44, 0x44, 0x44, 0x78, 0x00, 0x00, 0x00, 0x00,
};

static const unsigned char glyph_431_data[] = {
    0x00, 0x00, 0x00, 0x00, 0x00, 0x3c, 0x42, 0x02,
    0x1e, 0x02, 0x42, 0x3c, 0x00, 0x00, 0x00, 0x00,
};

static const unsigned char glyph_432_data[] = {
    0x00, 0x00, 0x00, 0x00, 0x00, 0x8c, 0x92, 0x92,
    0xf2, 0x92, 0x92, 0x8c, 0x00, 0x00, 0x00, 0x00,
};

static const unsigned char glyph_433_data[] = {
    0x00, 0x00, 0x00, 0x00, 0x00, 0x3e, 0x42, 0x42,
    0x3e, 0x12, 0x22, 0x42, 0x00, 0x00, 0x00, 0x00,
};

static const unsigned char glyph_434_data[] = {
    0x00, 0x00, 0x10, 0x08, 0x00, 0x3c, 0x42, 0x42,
    0x7e, 0x40, 0x40, 0x3c, 0x00, 0x00, 0x00, 0x00,
};

static const unsigned char glyph_435_data[] = {
    0x00, 0x00, 0x40, 0xf0, 0x40, 0x7c, 0x42, 0x42,
    0x42, 0x42, 0x42, 0x42, 0x02, 0x02, 0x0c, 0x00,
};

static const unsigned char glyph_436_data[] = {
    0x00, 0x00, 0x08, 0x10, 0x00, 0x7e, 0x40, 0x40,
    0x40, 0x40, 0x40, 0x40, 0x00, 0x00, 0x00, 0x00,
};

static const unsigned char glyph_437_data[] = {
    0x00, 0x00, 0x00, 0x00, 0x00, 0x3c, 0x42, 0x40,
    0x78, 0x40, 0x42, 0x3c, 0x00, 0x00, 0x00, 0x00,
};

static const unsigned char glyph_438_data[] = {
    0x00, 0x00, 0x00, 0x00, 0x00, 0x70, 0x90, 0x9c,
    0x92, 0x92, 0x92, 0x9c, 0x00, 0x00, 0x00, 0x00,
};

static const unsigned char glyph_439_data[] = {
    0x00, 0x00, 0x00, 0x00, 0x00, 0x90, 0x90, 0x9c,
    0xf2, 0x92, 0x92, 0x9c, 0x00, 0x00, 0x00, 0x00,
};

static const unsigned char glyph_440_data[] = {
    0x00, 0x00, 0x40, 0xf0, 0x40, 0x7c, 0x42, 0x42,
    0x42, 0x42, 0x42, 0x42, 0x00, 0x00, 0x00, 0x00,
};

static const unsigned char glyph_441_data[] = {
    0x00, 0x00, 0x08, 0x10, 0x00, 0x42, 0x44, 0x48,
    0x70, 0x48, 0x44, 0x42, 0x00, 0x00, 0x00, 0x00,
};

static const unsigned char glyph_442_data[] = {
    0x00, 0x00, 0x10, 0x08, 0x00, 0x42, 0x42, 0x42,
    0x42, 0x42, 0x42, 0x3e, 0x00, 0x00, 0x00, 0x00,
};

static const unsigned char glyph_443_data[] = {
    0x00, 0x00, 0x24, 0x18, 0x00, 0x42, 0x42, 0x42,
    0x42, 0x42, 0x42, 0x3e, 0x02, 0x02, 0x3c, 0x00,
};

static const unsigned char glyph_444_data[] = {
    0x00, 0x00, 0x00, 0x00, 0x00, 0x42, 0x42, 0x42,
    0x42, 0x42, 0x42, 0x7e, 0x18, 0x18, 0x00, 0x00,
};

static const unsigned char glyph_445_data[] = {
    0x02, 0x02, 0x7e, 0x40, 0x40, 0x40, 0x40, 0x40,
    0x40, 0x40, 0x40, 0x40, 0x00, 0x00, 0x00, 0x00,
};

static const unsigned char glyph_446_data[] = {
    0x00, 0x00, 0x00, 0x02, 0x02, 0x7e, 0x40, 0x40,
    0x40, 0x40, 0x40, 0x40, 0x00, 0x00, 0x00, 0x00,
};

static const unsigned char glyph_447_data[] = {
    0x00, 0x00, 0x96, 0x96, 0x96, 0xd0, 0xf0, 0xf0,
    0xb0, 0x96, 0x90, 0x96, 0x00, 0x00, 0x00, 0x00,
};

static const unsigned char glyph_448_data[] = {
    0x40, 0x80, 0x00, 0x00, 0x00, 0x00, 0x00, 0x00,
    0x00, 0x00, 0x00, 0x00, 0x00, 0x00, 0x00, 0x00,
};

static const unsigned char glyph_449_data[] = {
    0x08, 0x10, 0x00, 0x24, 0x00, 0x00, 0x00, 0x00,
    0x00, 0x00, 0x00, 0x00, 0x00, 0x00, 0x00, 0x00,
};

static const unsigned char glyph_450_data[] = {
    0x40, 0x80, 0x3c, 0x42, 0x42, 0x42, 0x42, 0x7e,
    0x42, 0x42, 0x42, 0x42, 0x00, 0x00, 0x00, 0x00,
};

static const unsigned char glyph_451_data[] = {
    0x40, 0x80, 0x7e, 0x40, 0x40, 0x40, 0x78, 0x40,
    0x40, 0x40, 0x40, 0x7e, 0x00, 0x00, 0x00, 0x00,
};

static const unsigned char glyph_452_data[] = {
    0x40, 0x80, 0x42, 0x42, 0x42, 0x42, 0x7e, 0x42,
    0x42, 0x42, 0x42, 0x42, 0x00, 0x00, 0x00, 0x00,
};

static const unsigned char glyph_453_data[] = {
    0x40, 0x80, 0x38, 0x10, 0x10, 0x10, 0x10, 0x10,
    0x10, 0x10, 0x10, 0x38, 0x00, 0x00, 0x00, 0x00,
};

static const unsigned char glyph_454_data[] = {
    0x40, 0x80, 0x3c, 0x42, 0x42, 0x42, 0x42, 0x42,
    0x42, 0x42, 0x42, 0x3c, 0x00, 0x00, 0x00, 0x00,
};

static const unsigned char glyph_455_data[] = {
    0x40, 0x80, 0x00, 0x82, 0x82, 0x44, 0x44, 0x28,
    0x10, 0x10, 0x10, 0x10, 0x00, 0x00, 0x00, 0x00,
};

static const unsigned char glyph_456_data[] = {
    0x40, 0x80, 0x3c, 0x42, 0x42, 0x42, 0x42, 0x42,
    0x42, 0x24, 0x24, 0x66, 0x00, 0x00, 0x00, 0x00,
};

static const unsigned char glyph_457_data[] = {
    0x08, 0x10, 0x48, 0x48, 0x00, 0x30, 0x10, 0x10,
    0x10, 0x10, 0x10, 0x0c, 0x00, 0x00, 0x00, 0x00,
};

static const unsigned char glyph_458_data[] = {
    0x00, 0x00, 0x10, 0x10, 0x28, 0x28, 0x44, 0x44,
    0x44, 0x82, 0x82, 0xfe, 0x00, 0x00, 0x00, 0x00,
};

static const unsigned char glyph_459_data[] = {
    0x00, 0x00, 0x10, 0x10, 0x28, 0x28, 0x44, 0x44,
    0x44, 0x82, 0x82, 0x82, 0x00, 0x00, 0x00, 0x00,
};

static const unsigned char glyph_460_data[] = {
    0x00, 0x00, 0x7e, 0x00, 0x00, 0x00, 0x3c, 0x00,
    0x00, 0x00, 0x00, 0x7e, 0x00, 0x00, 0x00, 0x00,
};

static const unsigned char glyph_461_data[] = {
    0x00, 0x00, 0x82, 0x82, 0x44, 0x44, 0x28, 0x10,
    0x10, 0x10, 0x10, 0x10, 0x00, 0x00, 0x00, 0x00,
};

static const unsigned char glyph_462_data[] = {
    0x00, 0x00, 0x92, 0x92, 0x92, 0x92, 0x92, 0x92,
    0x92, 0x7c, 0x10, 0x10, 0x00, 0x00, 0x00, 0x00,
};

static const unsigned char glyph_463_data[] = {
    0x44, 0x44, 0x00, 0x38, 0x10, 0x10, 0x10, 0x10,
    0x10, 0x10, 0x10, 0x38, 0x00, 0x00, 0x00, 0x00,
};

static const unsigned char glyph_464_data[] = {
    0x44, 0x44, 0x00, 0x82, 0x82, 0x44, 0x44, 0x28,
    0x10, 0x10, 0x10, 0x10, 0x00, 0x00, 0x00, 0x00,
};

static const unsigned char glyph_465_data[] = {
    0x00, 0x00, 0x08, 0x10, 0x00, 0x3a, 0x46, 0x44,
    0x44, 0x44, 0x46, 0x3a, 0x00, 0x00, 0x00, 0x00,
};

static const unsigned char glyph_466_data[] = {
    0x00, 0x00, 0x08, 0x10, 0x00, 0x3c, 0x42, 0x40,
    0x38, 0x40, 0x42, 0x3c, 0x00, 0x00, 0x00, 0x00,
};

static const unsigned char glyph_467_data[] = {
    0x00, 0x00, 0x08, 0x10, 0x00, 0x7c, 0x42, 0x42,
    0x42, 0x42, 0x42, 0x42, 0x02, 0x02, 0x02, 0x00,
};

static const unsigned char glyph_468_data[] = {
    0x00, 0x00, 0x08, 0x10, 0x00, 0x30, 0x10, 0x10,
    0x10, 0x10, 0x10, 0x0c, 0x00, 0x00, 0x00, 0x00,
};

static const unsigned char glyph_469_data[] = {
    0x08, 0x10, 0x00, 0x24, 0x00, 0x42, 0x42, 0x42,
    0x42, 0x42, 0x42, 0x3c, 0x00, 0x00, 0x00, 0x00,
};

static const unsigned char glyph_470_data[] = {
    0x00, 0x00, 0x38, 0x44, 0x44, 0x48, 0x7c, 0x42,
    0x42, 0x42, 0x42, 0x7c, 0x40, 0x40, 0x40, 0x00,
};

static const unsigned char glyph_471_data[] = {
    0x00, 0x00, 0x00, 0x00, 0x00, 0x82, 0x82, 0x44,
    0x44, 0x28, 0x28, 0x10, 0x10, 0x10, 0x10, 0x00,
};

static const unsigned char glyph_472_data[] = {
    0x00, 0x00, 0x7e, 0x04, 0x08, 0x10, 0x20, 0x40,
    0x40, 0x40, 0x40, 0x3c, 0x02, 0x02, 0x04, 0x00,
};

static const unsigned char glyph_473_data[] = {
    0x00, 0x00, 0x00, 0x00, 0x00, 0x7c, 0x42, 0x42,
    0x42, 0x42, 0x42, 0x42, 0x02, 0x02, 0x02, 0x00,
};

static const unsigned char glyph_474_data[] = {
    0x00, 0x00, 0x38, 0x44, 0x44, 0x44, 0x7c, 0x44,
    0x44, 0x44, 0x44, 0x38, 0x00, 0x00, 0x00, 0x00,
};

static const unsigned char glyph_475_data[] = {
    0x00, 0x00, 0x00, 0x00, 0x00, 0x30, 0x10, 0x10,
    0x10, 0x10, 0x10, 0x0c, 0x00, 0x00, 0x00, 0x00,
};

static const unsigned char glyph_476_data[] = {
    0x00, 0x00, 0x00, 0x00, 0x00, 0x42, 0x44, 0x48,
    0x70, 0x48, 0x44, 0x42, 0x00, 0x00, 0x00, 0x00,
};

static const unsigned char glyph_477_data[] = {
    0x00, 0x00, 0x20, 0x20, 0x10, 0x10, 0x28, 0x28,
    0x44, 0x44, 0x82, 0x82, 0x00, 0x00, 0x00, 0x00,
};

static const unsigned char glyph_478_data[] = {
    0x00, 0x00, 0x00, 0x00, 0x00, 0x42, 0x42, 0x42,
    0x24, 0x24, 0x18, 0x18, 0x00, 0x00, 0x00, 0x00,
};

static const unsigned char glyph_479_data[] = {
    0x00, 0x00, 0x3e, 0x40, 0x40, 0x40, 0x3c, 0x40,
    0x40, 0x40, 0x40, 0x3c, 0x02, 0x02, 0x04, 0x00,
};

static const unsigned char glyph_480_data[] = {
    0x00, 0x00, 0x00, 0x00, 0x00, 0x3c, 0x42, 0x42,
    0x42, 0x42, 0x42, 0x3c, 0x00, 0x00, 0x00, 0x00,
};

static const unsigned char glyph_481_data[] = {
    0x00, 0x00, 0x00, 0x00, 0x00, 0x3c, 0x42, 0x42,
    0x42, 0x42, 0x42, 0x7c, 0x40, 0x40, 0x40, 0x00,
};

static const unsigned char glyph_482_data[] = {
    0x00, 0x00, 0x00, 0x00, 0x00, 0x3c, 0x42, 0x40,
    0x40, 0x40, 0x40, 0x3c, 0x02, 0x02, 0x04, 0x00,
};

static const unsigned char glyph_483_data[] = {
    0x00, 0x00, 0x00, 0x00, 0x00, 0x42, 0x42, 0x42,
    0x42, 0x42, 0x42, 0x3c, 0x00, 0x00, 0x00, 0x00,
};

static const unsigned char glyph_484_data[] = {
    0x00, 0x00, 0x00, 0x00, 0x00, 0x42, 0x42, 0x24,
    0x24, 0x18, 0x18, 0x24, 0x24, 0x42, 0x42, 0x00,
};

static const unsigned char glyph_485_data[] = {
    0x00, 0x00, 0x00, 0x00, 0x00, 0x92, 0x92, 0x92,
    0x92, 0x92, 0x92, 0x7c, 0x10, 0x10, 0x10, 0x00,
};

static const unsigned char glyph_486_data[] = {
    0x00, 0x00, 0x00, 0x00, 0x00, 0x44, 0x82, 0x92,
    0x92, 0x92, 0x92, 0x6c, 0x00, 0x00, 0x00, 0x00,
};

static const unsigned char glyph_487_data[] = {
    0x00, 0x00, 0x48, 0x48, 0x00, 0x30, 0x10, 0x10,
    0x10, 0x10, 0x10, 0x0c, 0x00, 0x00, 0x00, 0x00,
};

static const unsigned char glyph_488_data[] = {
    0x00, 0x00, 0x24, 0x24, 0x00, 0x42, 0x42, 0x42,
    0x42, 0x42, 0x42, 0x3c, 0x00, 0x00, 0x00, 0x00,
};

static const unsigned char glyph_489_data[] = {
    0x00, 0x00, 0x08, 0x10, 0x00, 0x3c, 0x42, 0x42,
    0x42, 0x42, 0x42, 0x3c, 0x00, 0x00, 0x00, 0x00,
};

static const unsigned char glyph_490_data[] = {
    0x00, 0x00, 0x08, 0x10, 0x00, 0x42, 0x42, 0x42,
    0x42, 0x42, 0x42, 0x3c, 0x00, 0x00, 0x00, 0x00,
};

static const unsigned char glyph_491_data[] = {
    0x00, 0x00, 0x08, 0x10, 0x00, 0x44, 0x82, 0x92,
    0x92, 0x92, 0x92, 0x6c, 0x00, 0x00, 0x00, 0x00,
};

static const unsigned char glyph_492_data[] = {
    0x00, 0x00, 0x04, 0x04, 0x00, 0x0c, 0x04, 0x04,
    0x04, 0x04, 0x04, 0x04, 0x44, 0x44, 0x38, 0x00,
};

static const unsigned char glyph_493_data[] = {
    0x00, 0x00, 0x3c, 0x42, 0x42, 0x42, 0x7e, 0x42,
    0x42, 0x42, 0x42, 0x3c, 0x00, 0x00, 0x00, 0x00,
};

static const unsigned char glyph_494_data[] = {
    0x00, 0x00, 0x00, 0x00, 0x02, 0x7e, 0x08, 0x10,
    0x7e, 0x40, 0x00, 0x00, 0x00, 0x00, 0x00, 0x00,
};

static const unsigned char glyph_495_data[] = {
    0x00, 0x00, 0xfe, 0x10, 0x10, 0x1c, 0x70, 0x1c,
    0x70, 0x10, 0x10, 0x10, 0x00, 0x00, 0x00, 0x00,
};

static const unsigned char glyph_496_data[] = {
    0x00, 0x00, 0x00, 0x1e, 0x20, 0x40, 0x40, 0x7e,
    0x40, 0x40, 0x20, 0x1e, 0x00, 0x00, 0x00, 0x00,
};

static const unsigned char glyph_497_data[] = {
    0x00, 0x00, 0x02, 0x04, 0x7c, 0x8a, 0x92, 0x92,
    0xa2, 0x7c, 0x40, 0x80, 0x00, 0x00, 0x00, 0x00,
};

static const unsigned char glyph_498_data[] = {
    0x00, 0x00, 0x28, 0x28, 0x28, 0x28, 0x28, 0x28,
    0x28, 0x28, 0x28, 0x28, 0x00, 0x00, 0x00, 0x00,
};

static const unsigned char glyph_499_data[] = {
    0x00, 0x00, 0x00, 0x00, 0x00, 0x00, 0x00, 0x00,
    0x00, 0x00, 0x00, 0x00, 0x00, 0x7e, 0x00, 0x7e,
};

static const unsigned char glyph_500_data[] = {
    0x00, 0x10, 0x10, 0x10, 0x10, 0x00, 0x00, 0x00,
    0x00, 0x00, 0x00, 0x00, 0x00, 0x00, 0x00, 0x00,
};

static const unsigned char glyph_501_data[] = {
    0x00, 0x24, 0x24, 0x24, 0x24, 0x00, 0x00, 0x00,
    0x00, 0x00, 0x00, 0x00, 0x00, 0x00, 0x00, 0x00,
};

static const unsigned char glyph_502_data[] = {
    0x00, 0x00, 0x02, 0x02, 0x02, 0x02, 0x02, 0x22,
    0x42, 0xfe, 0x40, 0x20, 0x00, 0x00, 0x00, 0x00,
};

static const unsigned char glyph_503_data[] = {
    0x00, 0x00, 0x00, 0x00, 0x00, 0x20, 0x7e, 0xc0,
    0x7e, 0x20, 0x00, 0x00, 0x00, 0x00, 0x00, 0x00,
};

static const unsigned char glyph_504_data[] = {
    0x00, 0x00, 0x10, 0x38, 0x6c, 0x28, 0x28, 0x28,
    0x28, 0x28, 0x28, 0x28, 0x00, 0x00, 0x00, 0x00,
};

static const unsigned char glyph_505_data[] = {
    0x00, 0x00, 0x00, 0x00, 0x00, 0x08, 0xfc, 0x06,
    0xfc, 0x08, 0x00, 0x00, 0x00, 0x00, 0x00, 0x00,
};

static const unsigned char glyph_506_data[] = {
    0x00, 0x00, 0x28, 0x28, 0x28, 0x28, 0x28, 0x28,
    0x28, 0x6c, 0x38, 0x10, 0x00, 0x00, 0x00, 0x00,
};

static const unsigned char glyph_507_data[] = {
    0x00, 0x00, 0x10, 0x38, 0x6c, 0x28, 0x28, 0x28,
    0x28, 0x6c, 0x38, 0x10, 0x00, 0x00, 0x00, 0x00,
};

static const unsigned char glyph_508_data[] = {
    0x00, 0x00, 0x00, 0x00, 0x10, 0x10, 0x28, 0x28,
    0x44, 0x44, 0x82, 0x82, 0x00, 0x00, 0x00, 0x00,
};

static const unsigned char glyph_509_data[] = {
    0x00, 0x00, 0x00, 0x00, 0x82, 0x82, 0x44, 0x44,
    0x28, 0x28, 0x10, 0x10, 0x00, 0x00, 0x00, 0x00,
};

static const unsigned char glyph_510_data[] = {
    0x00, 0x00, 0x00, 0x00, 0x42, 0x42, 0x42, 0x42,
    0x42, 0x42, 0x42, 0x3c, 0x00, 0x00, 0x00, 0x00,
};

static const unsigned char glyph_511_data[] = {
    0x00, 0x00, 0x00, 0x00, 0x10, 0x28, 0x44, 0x82,
    0x82, 0x82, 0x82, 0xfe, 0x00, 0x00, 0x00, 0x00,
};

static const struct bitmap font_bitmaps[] = {
    {(unsigned char *)glyph_0_data, 8, 16, 1, COLOR_FORMAT_MONO, 0xffffffff},
    {(unsigned char *)glyph_1_data, 8, 16, 1, COLOR_FORMAT_MONO, 0xffffffff},
    {(unsigned char *)glyph_2_data, 8, 16, 1, COLOR_FORMAT_MONO, 0xffffffff},
    {(unsigned char *)glyph_3_data, 8, 16, 1, COLOR_FORMAT_MONO, 0xffffffff},
    {(unsigned char *)glyph_4_data, 8, 16, 1, COLOR_FORMAT_MONO, 0xffffffff},
    {(unsigned char *)glyph_5_data, 8, 16, 1, COLOR_FORMAT_MONO, 0xffffffff},
    {(unsigned char *)glyph_6_data, 8, 16, 1, COLOR_FORMAT_MONO, 0xffffffff},
    {(unsigned char *)glyph_7_data, 8, 16, 1, COLOR_FORMAT_MONO, 0xffffffff},
    {(unsigned char *)glyph_8_data, 8, 16, 1, COLOR_FORMAT_MONO, 0xffffffff},
    {(unsigned char *)glyph_9_data, 8, 16, 1, COLOR_FORMAT_MONO, 0xffffffff},
    {(unsigned char *)glyph_10_data, 8, 16, 1, COLOR_FORMAT_MONO, 0xffffffff},
    {(unsigned char *)glyph_11_data, 8, 16, 1, COLOR_FORMAT_MONO, 0xffffffff},
    {(unsigned char *)glyph_12_data, 8, 16, 1, COLOR_FORMAT_MONO, 0xffffffff},
    {(unsigned char *)glyph_13_data, 8, 16, 1, COLOR_FORMAT_MONO, 0xffffffff},
    {(unsigned char *)glyph_14_data, 8, 16, 1, COLOR_FORMAT_MONO, 0xffffffff},
    {(unsigned char *)glyph_15_data, 8, 16, 1, COLOR_FORMAT_MONO, 0xffffffff},
    {(unsigned char *)glyph_16_data, 8, 16, 1, COLOR_FORMAT_MONO, 0xffffffff},
    {(unsigned char *)glyph_17_data, 8, 16, 1, COLOR_FORMAT_MONO, 0xffffffff},
    {(unsigned char *)glyph_18_data, 8, 16, 1, COLOR_FORMAT_MONO, 0xffffffff},
    {(unsigned char *)glyph_19_data, 8, 16, 1, COLOR_FORMAT_MONO, 0xffffffff},
    {(unsigned char *)glyph_20_data, 8, 16, 1, COLOR_FORMAT_MONO, 0xffffffff},
    {(unsigned char *)glyph_21_data, 8, 16, 1, COLOR_FORMAT_MONO, 0xffffffff},
    {(unsigned char *)glyph_22_data, 8, 16, 1, COLOR_FORMAT_MONO, 0xffffffff},
    {(unsigned char *)glyph_23_data, 8, 16, 1, COLOR_FORMAT_MONO, 0xffffffff},
    {(unsigned char *)glyph_24_data, 8, 16, 1, COLOR_FORMAT_MONO, 0xffffffff},
    {(unsigned char *)glyph_25_data, 8, 16, 1, COLOR_FORMAT_MONO, 0xffffffff},
    {(unsigned char *)glyph_26_data, 8, 16, 1, COLOR_FORMAT_MONO, 0xffffffff},
    {(unsigned char *)glyph_27_data, 8, 16, 1, COLOR_FORMAT_MONO, 0xffffffff},
    {(unsigned char *)glyph_28_data, 8, 16, 1, COLOR_FORMAT_MONO, 0xffffffff},
    {(unsigned char *)glyph_29_data, 8, 16, 1, COLOR_FORMAT_MONO, 0xffffffff},
    {(unsigned char *)glyph_30_data, 8, 16, 1, COLOR_FORMAT_MONO, 0xffffffff},
    {(unsigned char *)glyph_31_data, 8, 16, 1, COLOR_FORMAT_MONO, 0xffffffff},
    {(unsigned char *)glyph_32_data, 8, 16, 1, COLOR_FORMAT_MONO, 0xffffffff},
    {(unsigned char *)glyph_33_data, 8, 16, 1, COLOR_FORMAT_MONO, 0xffffffff},
    {(unsigned char *)glyph_34_data, 8, 16, 1, COLOR_FORMAT_MONO, 0xffffffff},
    {(unsigned char *)glyph_35_data, 8, 16, 1, COLOR_FORMAT_MONO, 0xffffffff},
    {(unsigned char *)glyph_36_data, 8, 16, 1, COLOR_FORMAT_MONO, 0xffffffff},
    {(unsigned char *)glyph_37_data, 8, 16, 1, COLOR_FORMAT_MONO, 0xffffffff},
    {(unsigned char *)glyph_38_data, 8, 16, 1, COLOR_FORMAT_MONO, 0xffffffff},
    {(unsigned char *)glyph_39_data, 8, 16, 1, COLOR_FORMAT_MONO, 0xffffffff},
    {(unsigned char *)glyph_40_data, 8, 16, 1, COLOR_FORMAT_MONO, 0xffffffff},
    {(unsigned char *)glyph_41_data, 8, 16, 1, COLOR_FORMAT_MONO, 0xffffffff},
    {(unsigned char *)glyph_42_data, 8, 16, 1, COLOR_FORMAT_MONO, 0xffffffff},
    {(unsigned char *)glyph_43_data, 8, 16, 1, COLOR_FORMAT_MONO, 0xffffffff},
    {(unsigned char *)glyph_44_data, 8, 16, 1, COLOR_FORMAT_MONO, 0xffffffff},
    {(unsigned char *)glyph_45_data, 8, 16, 1, COLOR_FORMAT_MONO, 0xffffffff},
    {(unsigned char *)glyph_46_data, 8, 16, 1, COLOR_FORMAT_MONO, 0xffffffff},
    {(unsigned char *)glyph_47_data, 8, 16, 1, COLOR_FORMAT_MONO, 0xffffffff},
    {(unsigned char *)glyph_48_data, 8, 16, 1, COLOR_FORMAT_MONO, 0xffffffff},
    {(unsigned char *)glyph_49_data, 8, 16, 1, COLOR_FORMAT_MONO, 0xffffffff},
    {(unsigned char *)glyph_50_data, 8, 16, 1, COLOR_FORMAT_MONO, 0xffffffff},
    {(unsigned char *)glyph_51_data, 8, 16, 1, COLOR_FORMAT_MONO, 0xffffffff},
    {(unsigned char *)glyph_52_data, 8, 16, 1, COLOR_FORMAT_MONO, 0xffffffff},
    {(unsigned char *)glyph_53_data, 8, 16, 1, COLOR_FORMAT_MONO, 0xffffffff},
    {(unsigned char *)glyph_54_data, 8, 16, 1, COLOR_FORMAT_MONO, 0xffffffff},
    {(unsigned char *)glyph_55_data, 8, 16, 1, COLOR_FORMAT_MONO, 0xffffffff},
    {(unsigned char *)glyph_56_data, 8, 16, 1, COLOR_FORMAT_MONO, 0xffffffff},
    {(unsigned char *)glyph_57_data, 8, 16, 1, COLOR_FORMAT_MONO, 0xffffffff},
    {(unsigned char *)glyph_58_data, 8, 16, 1, COLOR_FORMAT_MONO, 0xffffffff},
    {(unsigned char *)glyph_59_data, 8, 16, 1, COLOR_FORMAT_MONO, 0xffffffff},
    {(unsigned char *)glyph_60_data, 8, 16, 1, COLOR_FORMAT_MONO, 0xffffffff},
    {(unsigned char *)glyph_61_data, 8, 16, 1, COLOR_FORMAT_MONO, 0xffffffff},
    {(unsigned char *)glyph_62_data, 8, 16, 1, COLOR_FORMAT_MONO, 0xffffffff},
    {(unsigned char *)glyph_63_data, 8, 16, 1, COLOR_FORMAT_MONO, 0xffffffff},
    {(unsigned char *)glyph_64_data, 8, 16, 1, COLOR_FORMAT_MONO, 0xffffffff},
    {(unsigned char *)glyph_65_data, 8, 16, 1, COLOR_FORMAT_MONO, 0xffffffff},
    {(unsigned char *)glyph_66_data, 8, 16, 1, COLOR_FORMAT_MONO, 0xffffffff},
    {(unsigned char *)glyph_67_data, 8, 16, 1, COLOR_FORMAT_MONO, 0xffffffff},
    {(unsigned char *)glyph_68_data, 8, 16, 1, COLOR_FORMAT_MONO, 0xffffffff},
    {(unsigned char *)glyph_69_data, 8, 16, 1, COLOR_FORMAT_MONO, 0xffffffff},
    {(unsigned char *)glyph_70_data, 8, 16, 1, COLOR_FORMAT_MONO, 0xffffffff},
    {(unsigned char *)glyph_71_data, 8, 16, 1, COLOR_FORMAT_MONO, 0xffffffff},
    {(unsigned char *)glyph_72_data, 8, 16, 1, COLOR_FORMAT_MONO, 0xffffffff},
    {(unsigned char *)glyph_73_data, 8, 16, 1, COLOR_FORMAT_MONO, 0xffffffff},
    {(unsigned char *)glyph_74_data, 8, 16, 1, COLOR_FORMAT_MONO, 0xffffffff},
    {(unsigned char *)glyph_75_data, 8, 16, 1, COLOR_FORMAT_MONO, 0xffffffff},
    {(unsigned char *)glyph_76_data, 8, 16, 1, COLOR_FORMAT_MONO, 0xffffffff},
    {(unsigned char *)glyph_77_data, 8, 16, 1, COLOR_FORMAT_MONO, 0xffffffff},
    {(unsigned char *)glyph_78_data, 8, 16, 1, COLOR_FORMAT_MONO, 0xffffffff},
    {(unsigned char *)glyph_79_data, 8, 16, 1, COLOR_FORMAT_MONO, 0xffffffff},
    {(unsigned char *)glyph_80_data, 8, 16, 1, COLOR_FORMAT_MONO, 0xffffffff},
    {(unsigned char *)glyph_81_data, 8, 16, 1, COLOR_FORMAT_MONO, 0xffffffff},
    {(unsigned char *)glyph_82_data, 8, 16, 1, COLOR_FORMAT_MONO, 0xffffffff},
    {(unsigned char *)glyph_83_data, 8, 16, 1, COLOR_FORMAT_MONO, 0xffffffff},
    {(unsigned char *)glyph_84_data, 8, 16, 1, COLOR_FORMAT_MONO, 0xffffffff},
    {(unsigned char *)glyph_85_data, 8, 16, 1, COLOR_FORMAT_MONO, 0xffffffff},
    {(unsigned char *)glyph_86_data, 8, 16, 1, COLOR_FORMAT_MONO, 0xffffffff},
    {(unsigned char *)glyph_87_data, 8, 16, 1, COLOR_FORMAT_MONO, 0xffffffff},
    {(unsigned char *)glyph_88_data, 8, 16, 1, COLOR_FORMAT_MONO, 0xffffffff},
    {(unsigned char *)glyph_89_data, 8, 16, 1, COLOR_FORMAT_MONO, 0xffffffff},
    {(unsigned char *)glyph_90_data, 8, 16, 1, COLOR_FORMAT_MONO, 0xffffffff},
    {(unsigned char *)glyph_91_data, 8, 16, 1, COLOR_FORMAT_MONO, 0xffffffff},
    {(unsigned char *)glyph_92_data, 8, 16, 1, COLOR_FORMAT_MONO, 0xffffffff},
    {(unsigned char *)glyph_93_data, 8, 16, 1, COLOR_FORMAT_MONO, 0xffffffff},
    {(unsigned char *)glyph_94_data, 8, 16, 1, COLOR_FORMAT_MONO, 0xffffffff},
    {(unsigned char *)glyph_95_data, 8, 16, 1, COLOR_FORMAT_MONO, 0xffffffff},
    {(unsigned char *)glyph_96_data, 8, 16, 1, COLOR_FORMAT_MONO, 0xffffffff},
    {(unsigned char *)glyph_97_data, 8, 16, 1, COLOR_FORMAT_MONO, 0xffffffff},
    {(unsigned char *)glyph_98_data, 8, 16, 1, COLOR_FORMAT_MONO, 0xffffffff},
    {(unsigned char *)glyph_99_data, 8, 16, 1, COLOR_FORMAT_MONO, 0xffffffff},
    {(unsigned char *)glyph_100_data, 8, 16, 1, COLOR_FORMAT_MONO, 0xffffffff},
    {(unsigned char *)glyph_101_data, 8, 16, 1, COLOR_FORMAT_MONO, 0xffffffff},
    {(unsigned char *)glyph_102_data, 8, 16, 1, COLOR_FORMAT_MONO, 0xffffffff},
    {(unsigned char *)glyph_103_data, 8, 16, 1, COLOR_FORMAT_MONO, 0xffffffff},
    {(unsigned char *)glyph_104_data, 8, 16, 1, COLOR_FORMAT_MONO, 0xffffffff},
    {(unsigned char *)glyph_105_data, 8, 16, 1, COLOR_FORMAT_MONO, 0xffffffff},
    {(unsigned char *)glyph_106_data, 8, 16, 1, COLOR_FORMAT_MONO, 0xffffffff},
    {(unsigned char *)glyph_107_data, 8, 16, 1, COLOR_FORMAT_MONO, 0xffffffff},
    {(unsigned char *)glyph_108_data, 8, 16, 1, COLOR_FORMAT_MONO, 0xffffffff},
    {(unsigned char *)glyph_109_data, 8, 16, 1, COLOR_FORMAT_MONO, 0xffffffff},
    {(unsigned char *)glyph_110_data, 8, 16, 1, COLOR_FORMAT_MONO, 0xffffffff},
    {(unsigned char *)glyph_111_data, 8, 16, 1, COLOR_FORMAT_MONO, 0xffffffff},
    {(unsigned char *)glyph_112_data, 8, 16, 1, COLOR_FORMAT_MONO, 0xffffffff},
    {(unsigned char *)glyph_113_data, 8, 16, 1, COLOR_FORMAT_MONO, 0xffffffff},
    {(unsigned char *)glyph_114_data, 8, 16, 1, COLOR_FORMAT_MONO, 0xffffffff},
    {(unsigned char *)glyph_115_data, 8, 16, 1, COLOR_FORMAT_MONO, 0xffffffff},
    {(unsigned char *)glyph_116_data, 8, 16, 1, COLOR_FORMAT_MONO, 0xffffffff},
    {(unsigned char *)glyph_117_data, 8, 16, 1, COLOR_FORMAT_MONO, 0xffffffff},
    {(unsigned char *)glyph_118_data, 8, 16, 1, COLOR_FORMAT_MONO, 0xffffffff},
    {(unsigned char *)glyph_119_data, 8, 16, 1, COLOR_FORMAT_MONO, 0xffffffff},
    {(unsigned char *)glyph_120_data, 8, 16, 1, COLOR_FORMAT_MONO, 0xffffffff},
    {(unsigned char *)glyph_121_data, 8, 16, 1, COLOR_FORMAT_MONO, 0xffffffff},
    {(unsigned char *)glyph_122_data, 8, 16, 1, COLOR_FORMAT_MONO, 0xffffffff},
    {(unsigned char *)glyph_123_data, 8, 16, 1, COLOR_FORMAT_MONO, 0xffffffff},
    {(unsigned char *)glyph_124_data, 8, 16, 1, COLOR_FORMAT_MONO, 0xffffffff},
    {(unsigned char *)glyph_125_data, 8, 16, 1, COLOR_FORMAT_MONO, 0xffffffff},
    {(unsigned char *)glyph_126_data, 8, 16, 1, COLOR_FORMAT_MONO, 0xffffffff},
    {(unsigned char *)glyph_127_data, 8, 16, 1, COLOR_FORMAT_MONO, 0xffffffff},
    {(unsigned char *)glyph_128_data, 8, 16, 1, COLOR_FORMAT_MONO, 0xffffffff},
    {(unsigned char *)glyph_129_data, 8, 16, 1, COLOR_FORMAT_MONO, 0xffffffff},
    {(unsigned char *)glyph_130_data, 8, 16, 1, COLOR_FORMAT_MONO, 0xffffffff},
    {(unsigned char *)glyph_131_data, 8, 16, 1, COLOR_FORMAT_MONO, 0xffffffff},
    {(unsigned char *)glyph_132_data, 8, 16, 1, COLOR_FORMAT_MONO, 0xffffffff},
    {(unsigned char *)glyph_133_data, 8, 16, 1, COLOR_FORMAT_MONO, 0xffffffff},
    {(unsigned char *)glyph_134_data, 8, 16, 1, COLOR_FORMAT_MONO, 0xffffffff},
    {(unsigned char *)glyph_135_data, 8, 16, 1, COLOR_FORMAT_MONO, 0xffffffff},
    {(unsigned char *)glyph_136_data, 8, 16, 1, COLOR_FORMAT_MONO, 0xffffffff},
    {(unsigned char *)glyph_137_data, 8, 16, 1, COLOR_FORMAT_MONO, 0xffffffff},
    {(unsigned char *)glyph_138_data, 8, 16, 1, COLOR_FORMAT_MONO, 0xffffffff},
    {(unsigned char *)glyph_139_data, 8, 16, 1, COLOR_FORMAT_MONO, 0xffffffff},
    {(unsigned char *)glyph_140_data, 8, 16, 1, COLOR_FORMAT_MONO, 0xffffffff},
    {(unsigned char *)glyph_141_data, 8, 16, 1, COLOR_FORMAT_MONO, 0xffffffff},
    {(unsigned char *)glyph_142_data, 8, 16, 1, COLOR_FORMAT_MONO, 0xffffffff},
    {(unsigned char *)glyph_143_data, 8, 16, 1, COLOR_FORMAT_MONO, 0xffffffff},
    {(unsigned char *)glyph_144_data, 8, 16, 1, COLOR_FORMAT_MONO, 0xffffffff},
    {(unsigned char *)glyph_145_data, 8, 16, 1, COLOR_FORMAT_MONO, 0xffffffff},
    {(unsigned char *)glyph_146_data, 8, 16, 1, COLOR_FORMAT_MONO, 0xffffffff},
    {(unsigned char *)glyph_147_data, 8, 16, 1, COLOR_FORMAT_MONO, 0xffffffff},
    {(unsigned char *)glyph_148_data, 8, 16, 1, COLOR_FORMAT_MONO, 0xffffffff},
    {(unsigned char *)glyph_149_data, 8, 16, 1, COLOR_FORMAT_MONO, 0xffffffff},
    {(unsigned char *)glyph_150_data, 8, 16, 1, COLOR_FORMAT_MONO, 0xffffffff},
    {(unsigned char *)glyph_151_data, 8, 16, 1, COLOR_FORMAT_MONO, 0xffffffff},
    {(unsigned char *)glyph_152_data, 8, 16, 1, COLOR_FORMAT_MONO, 0xffffffff},
    {(unsigned char *)glyph_153_data, 8, 16, 1, COLOR_FORMAT_MONO, 0xffffffff},
    {(unsigned char *)glyph_154_data, 8, 16, 1, COLOR_FORMAT_MONO, 0xffffffff},
    {(unsigned char *)glyph_155_data, 8, 16, 1, COLOR_FORMAT_MONO, 0xffffffff},
    {(unsigned char *)glyph_156_data, 8, 16, 1, COLOR_FORMAT_MONO, 0xffffffff},
    {(unsigned char *)glyph_157_data, 8, 16, 1, COLOR_FORMAT_MONO, 0xffffffff},
    {(unsigned char *)glyph_158_data, 8, 16, 1, COLOR_FORMAT_MONO, 0xffffffff},
    {(unsigned char *)glyph_159_data, 8, 16, 1, COLOR_FORMAT_MONO, 0xffffffff},
    {(unsigned char *)glyph_160_data, 8, 16, 1, COLOR_FORMAT_MONO, 0xffffffff},
    {(unsigned char *)glyph_161_data, 8, 16, 1, COLOR_FORMAT_MONO, 0xffffffff},
    {(unsigned char *)glyph_162_data, 8, 16, 1, COLOR_FORMAT_MONO, 0xffffffff},
    {(unsigned char *)glyph_163_data, 8, 16, 1, COLOR_FORMAT_MONO, 0xffffffff},
    {(unsigned char *)glyph_164_data, 8, 16, 1, COLOR_FORMAT_MONO, 0xffffffff},
    {(unsigned char *)glyph_165_data, 8, 16, 1, COLOR_FORMAT_MONO, 0xffffffff},
    {(unsigned char *)glyph_166_data, 8, 16, 1, COLOR_FORMAT_MONO, 0xffffffff},
    {(unsigned char *)glyph_167_data, 8, 16, 1, COLOR_FORMAT_MONO, 0xffffffff},
    {(unsigned char *)glyph_168_data, 8, 16, 1, COLOR_FORMAT_MONO, 0xffffffff},
    {(unsigned char *)glyph_169_data, 8, 16, 1, COLOR_FORMAT_MONO, 0xffffffff},
    {(unsigned char *)glyph_170_data, 8, 16, 1, COLOR_FORMAT_MONO, 0xffffffff},
    {(unsigned char *)glyph_171_data, 8, 16, 1, COLOR_FORMAT_MONO, 0xffffffff},
    {(unsigned char *)glyph_172_data, 8, 16, 1, COLOR_FORMAT_MONO, 0xffffffff},
    {(unsigned char *)glyph_173_data, 8, 16, 1, COLOR_FORMAT_MONO, 0xffffffff},
    {(unsigned char *)glyph_174_data, 8, 16, 1, COLOR_FORMAT_MONO, 0xffffffff},
    {(unsigned char *)glyph_175_data, 8, 16, 1, COLOR_FORMAT_MONO, 0xffffffff},
    {(unsigned char *)glyph_176_data, 8, 16, 1, COLOR_FORMAT_MONO, 0xffffffff},
    {(unsigned char *)glyph_177_data, 8, 16, 1, COLOR_FORMAT_MONO, 0xffffffff},
    {(unsigned char *)glyph_178_data, 8, 16, 1, COLOR_FORMAT_MONO, 0xffffffff},
    {(unsigned char *)glyph_179_data, 8, 16, 1, COLOR_FORMAT_MONO, 0xffffffff},
    {(unsigned char *)glyph_180_data, 8, 16, 1, COLOR_FORMAT_MONO, 0xffffffff},
    {(unsigned char *)glyph_181_data, 8, 16, 1, COLOR_FORMAT_MONO, 0xffffffff},
    {(unsigned char *)glyph_182_data, 8, 16, 1, COLOR_FORMAT_MONO, 0xffffffff},
    {(unsigned char *)glyph_183_data, 8, 16, 1, COLOR_FORMAT_MONO, 0xffffffff},
    {(unsigned char *)glyph_184_data, 8, 16, 1, COLOR_FORMAT_MONO, 0xffffffff},
    {(unsigned char *)glyph_185_data, 8, 16, 1, COLOR_FORMAT_MONO, 0xffffffff},
    {(unsigned char *)glyph_186_data, 8, 16, 1, COLOR_FORMAT_MONO, 0xffffffff},
    {(unsigned char *)glyph_187_data, 8, 16, 1, COLOR_FORMAT_MONO, 0xffffffff},
    {(unsigned char *)glyph_188_data, 8, 16, 1, COLOR_FORMAT_MONO, 0xffffffff},
    {(unsigned char *)glyph_189_data, 8, 16, 1, COLOR_FORMAT_MONO, 0xffffffff},
    {(unsigned char *)glyph_190_data, 8, 16, 1, COLOR_FORMAT_MONO, 0xffffffff},
    {(unsigned char *)glyph_191_data, 8, 16, 1, COLOR_FORMAT_MONO, 0xffffffff},
    {(unsigned char *)glyph_192_data, 8, 16, 1, COLOR_FORMAT_MONO, 0xffffffff},
    {(unsigned char *)glyph_193_data, 8, 16, 1, COLOR_FORMAT_MONO, 0xffffffff},
    {(unsigned char *)glyph_194_data, 8, 16, 1, COLOR_FORMAT_MONO, 0xffffffff},
    {(unsigned char *)glyph_195_data, 8, 16, 1, COLOR_FORMAT_MONO, 0xffffffff},
    {(unsigned char *)glyph_196_data, 8, 16, 1, COLOR_FORMAT_MONO, 0xffffffff},
    {(unsigned char *)glyph_197_data, 8, 16, 1, COLOR_FORMAT_MONO, 0xffffffff},
    {(unsigned char *)glyph_198_data, 8, 16, 1, COLOR_FORMAT_MONO, 0xffffffff},
    {(unsigned char *)glyph_199_data, 8, 16, 1, COLOR_FORMAT_MONO, 0xffffffff},
    {(unsigned char *)glyph_200_data, 8, 16, 1, COLOR_FORMAT_MONO, 0xffffffff},
    {(unsigned char *)glyph_201_data, 8, 16, 1, COLOR_FORMAT_MONO, 0xffffffff},
    {(unsigned char *)glyph_202_data, 8, 16, 1, COLOR_FORMAT_MONO, 0xffffffff},
    {(unsigned char *)glyph_203_data, 8, 16, 1, COLOR_FORMAT_MONO, 0xffffffff},
    {(unsigned char *)glyph_204_data, 8, 16, 1, COLOR_FORMAT_MONO, 0xffffffff},
    {(unsigned char *)glyph_205_data, 8, 16, 1, COLOR_FORMAT_MONO, 0xffffffff},
    {(unsigned char *)glyph_206_data, 8, 16, 1, COLOR_FORMAT_MONO, 0xffffffff},
    {(unsigned char *)glyph_207_data, 8, 16, 1, COLOR_FORMAT_MONO, 0xffffffff},
    {(unsigned char *)glyph_208_data, 8, 16, 1, COLOR_FORMAT_MONO, 0xffffffff},
    {(unsigned char *)glyph_209_data, 8, 16, 1, COLOR_FORMAT_MONO, 0xffffffff},
    {(unsigned char *)glyph_210_data, 8, 16, 1, COLOR_FORMAT_MONO, 0xffffffff},
    {(unsigned char *)glyph_211_data, 8, 16, 1, COLOR_FORMAT_MONO, 0xffffffff},
    {(unsigned char *)glyph_212_data, 8, 16, 1, COLOR_FORMAT_MONO, 0xffffffff},
    {(unsigned char *)glyph_213_data, 8, 16, 1, COLOR_FORMAT_MONO, 0xffffffff},
    {(unsigned char *)glyph_214_data, 8, 16, 1, COLOR_FORMAT_MONO, 0xffffffff},
    {(unsigned char *)glyph_215_data, 8, 16, 1, COLOR_FORMAT_MONO, 0xffffffff},
    {(unsigned char *)glyph_216_data, 8, 16, 1, COLOR_FORMAT_MONO, 0xffffffff},
    {(unsigned char *)glyph_217_data, 8, 16, 1, COLOR_FORMAT_MONO, 0xffffffff},
    {(unsigned char *)glyph_218_data, 8, 16, 1, COLOR_FORMAT_MONO, 0xffffffff},
    {(unsigned char *)glyph_219_data, 8, 16, 1, COLOR_FORMAT_MONO, 0xffffffff},
    {(unsigned char *)glyph_220_data, 8, 16, 1, COLOR_FORMAT_MONO, 0xffffffff},
    {(unsigned char *)glyph_221_data, 8, 16, 1, COLOR_FORMAT_MONO, 0xffffffff},
    {(unsigned char *)glyph_222_data, 8, 16, 1, COLOR_FORMAT_MONO, 0xffffffff},
    {(unsigned char *)glyph_223_data, 8, 16, 1, COLOR_FORMAT_MONO, 0xffffffff},
    {(unsigned char *)glyph_224_data, 8, 16, 1, COLOR_FORMAT_MONO, 0xffffffff},
    {(unsigned char *)glyph_225_data, 8, 16, 1, COLOR_FORMAT_MONO, 0xffffffff},
    {(unsigned char *)glyph_226_data, 8, 16, 1, COLOR_FORMAT_MONO, 0xffffffff},
    {(unsigned char *)glyph_227_data, 8, 16, 1, COLOR_FORMAT_MONO, 0xffffffff},
    {(unsigned char *)glyph_228_data, 8, 16, 1, COLOR_FORMAT_MONO, 0xffffffff},
    {(unsigned char *)glyph_229_data, 8, 16, 1, COLOR_FORMAT_MONO, 0xffffffff},
    {(unsigned char *)glyph_230_data, 8, 16, 1, COLOR_FORMAT_MONO, 0xffffffff},
    {(unsigned char *)glyph_231_data, 8, 16, 1, COLOR_FORMAT_MONO, 0xffffffff},
    {(unsigned char *)glyph_232_data, 8, 16, 1, COLOR_FORMAT_MONO, 0xffffffff},
    {(unsigned char *)glyph_233_data, 8, 16, 1, COLOR_FORMAT_MONO, 0xffffffff},
    {(unsigned char *)glyph_234_data, 8, 16, 1, COLOR_FORMAT_MONO, 0xffffffff},
    {(unsigned char *)glyph_235_data, 8, 16, 1, COLOR_FORMAT_MONO, 0xffffffff},
    {(unsigned char *)glyph_236_data, 8, 16, 1, COLOR_FORMAT_MONO, 0xffffffff},
    {(unsigned char *)glyph_237_data, 8, 16, 1, COLOR_FORMAT_MONO, 0xffffffff},
    {(unsigned char *)glyph_238_data, 8, 16, 1, COLOR_FORMAT_MONO, 0xffffffff},
    {(unsigned char *)glyph_239_data, 8, 16, 1, COLOR_FORMAT_MONO, 0xffffffff},
    {(unsigned char *)glyph_240_data, 8, 16, 1, COLOR_FORMAT_MONO, 0xffffffff},
    {(unsigned char *)glyph_241_data, 8, 16, 1, COLOR_FORMAT_MONO, 0xffffffff},
    {(unsigned char *)glyph_242_data, 8, 16, 1, COLOR_FORMAT_MONO, 0xffffffff},
    {(unsigned char *)glyph_243_data, 8, 16, 1, COLOR_FORMAT_MONO, 0xffffffff},
    {(unsigned char *)glyph_244_data, 8, 16, 1, COLOR_FORMAT_MONO, 0xffffffff},
    {(unsigned char *)glyph_245_data, 8, 16, 1, COLOR_FORMAT_MONO, 0xffffffff},
    {(unsigned char *)glyph_246_data, 8, 16, 1, COLOR_FORMAT_MONO, 0xffffffff},
    {(unsigned char *)glyph_247_data, 8, 16, 1, COLOR_FORMAT_MONO, 0xffffffff},
    {(unsigned char *)glyph_248_data, 8, 16, 1, COLOR_FORMAT_MONO, 0xffffffff},
    {(unsigned char *)glyph_249_data, 8, 16, 1, COLOR_FORMAT_MONO, 0xffffffff},
    {(unsigned char *)glyph_250_data, 8, 16, 1, COLOR_FORMAT_MONO, 0xffffffff},
    {(unsigned char *)glyph_251_data, 8, 16, 1, COLOR_FORMAT_MONO, 0xffffffff},
    {(unsigned char *)glyph_252_data, 8, 16, 1, COLOR_FORMAT_MONO, 0xffffffff},
    {(unsigned char *)glyph_253_data, 8, 16, 1, COLOR_FORMAT_MONO, 0xffffffff},
    {(unsigned char *)glyph_254_data, 8, 16, 1, COLOR_FORMAT_MONO, 0xffffffff},
    {(unsigned char *)glyph_255_data, 8, 16, 1, COLOR_FORMAT_MONO, 0xffffffff},
    {(unsigned char *)glyph_256_data, 8, 16, 1, COLOR_FORMAT_MONO, 0xffffffff},
    {(unsigned char *)glyph_257_data, 8, 16, 1, COLOR_FORMAT_MONO, 0xffffffff},
    {(unsigned char *)glyph_258_data, 8, 16, 1, COLOR_FORMAT_MONO, 0xffffffff},
    {(unsigned char *)glyph_259_data, 8, 16, 1, COLOR_FORMAT_MONO, 0xffffffff},
    {(unsigned char *)glyph_260_data, 8, 16, 1, COLOR_FORMAT_MONO, 0xffffffff},
    {(unsigned char *)glyph_261_data, 8, 16, 1, COLOR_FORMAT_MONO, 0xffffffff},
    {(unsigned char *)glyph_262_data, 8, 16, 1, COLOR_FORMAT_MONO, 0xffffffff},
    {(unsigned char *)glyph_263_data, 8, 16, 1, COLOR_FORMAT_MONO, 0xffffffff},
    {(unsigned char *)glyph_264_data, 8, 16, 1, COLOR_FORMAT_MONO, 0xffffffff},
    {(unsigned char *)glyph_265_data, 8, 16, 1, COLOR_FORMAT_MONO, 0xffffffff},
    {(unsigned char *)glyph_266_data, 8, 16, 1, COLOR_FORMAT_MONO, 0xffffffff},
    {(unsigned char *)glyph_267_data, 8, 16, 1, COLOR_FORMAT_MONO, 0xffffffff},
    {(unsigned char *)glyph_268_data, 8, 16, 1, COLOR_FORMAT_MONO, 0xffffffff},
    {(unsigned char *)glyph_269_data, 8, 16, 1, COLOR_FORMAT_MONO, 0xffffffff},
    {(unsigned char *)glyph_270_data, 8, 16, 1, COLOR_FORMAT_MONO, 0xffffffff},
    {(unsigned char *)glyph_271_data, 8, 16, 1, COLOR_FORMAT_MONO, 0xffffffff},
    {(unsigned char *)glyph_272_data, 8, 16, 1, COLOR_FORMAT_MONO, 0xffffffff},
    {(unsigned char *)glyph_273_data, 8, 16, 1, COLOR_FORMAT_MONO, 0xffffffff},
    {(unsigned char *)glyph_274_data, 8, 16, 1, COLOR_FORMAT_MONO, 0xffffffff},
    {(unsigned char *)glyph_275_data, 8, 16, 1, COLOR_FORMAT_MONO, 0xffffffff},
    {(unsigned char *)glyph_276_data, 8, 16, 1, COLOR_FORMAT_MONO, 0xffffffff},
    {(unsigned char *)glyph_277_data, 8, 16, 1, COLOR_FORMAT_MONO, 0xffffffff},
    {(unsigned char *)glyph_278_data, 8, 16, 1, COLOR_FORMAT_MONO, 0xffffffff},
    {(unsigned char *)glyph_279_data, 8, 16, 1, COLOR_FORMAT_MONO, 0xffffffff},
    {(unsigned char *)glyph_280_data, 8, 16, 1, COLOR_FORMAT_MONO, 0xffffffff},
    {(unsigned char *)glyph_281_data, 8, 16, 1, COLOR_FORMAT_MONO, 0xffffffff},
    {(unsigned char *)glyph_282_data, 8, 16, 1, COLOR_FORMAT_MONO, 0xffffffff},
    {(unsigned char *)glyph_283_data, 8, 16, 1, COLOR_FORMAT_MONO, 0xffffffff},
    {(unsigned char *)glyph_284_data, 8, 16, 1, COLOR_FORMAT_MONO, 0xffffffff},
    {(unsigned char *)glyph_285_data, 8, 16, 1, COLOR_FORMAT_MONO, 0xffffffff},
    {(unsigned char *)glyph_286_data, 8, 16, 1, COLOR_FORMAT_MONO, 0xffffffff},
    {(unsigned char *)glyph_287_data, 8, 16, 1, COLOR_FORMAT_MONO, 0xffffffff},
    {(unsigned char *)glyph_288_data, 8, 16, 1, COLOR_FORMAT_MONO, 0xffffffff},
    {(unsigned char *)glyph_289_data, 8, 16, 1, COLOR_FORMAT_MONO, 0xffffffff},
    {(unsigned char *)glyph_290_data, 8, 16, 1, COLOR_FORMAT_MONO, 0xffffffff},
    {(unsigned char *)glyph_291_data, 8, 16, 1, COLOR_FORMAT_MONO, 0xffffffff},
    {(unsigned char *)glyph_292_data, 8, 16, 1, COLOR_FORMAT_MONO, 0xffffffff},
    {(unsigned char *)glyph_293_data, 8, 16, 1, COLOR_FORMAT_MONO, 0xffffffff},
    {(unsigned char *)glyph_294_data, 8, 16, 1, COLOR_FORMAT_MONO, 0xffffffff},
    {(unsigned char *)glyph_295_data, 8, 16, 1, COLOR_FORMAT_MONO, 0xffffffff},
    {(unsigned char *)glyph_296_data, 8, 16, 1, COLOR_FORMAT_MONO, 0xffffffff},
    {(unsigned char *)glyph_297_data, 8, 16, 1, COLOR_FORMAT_MONO, 0xffffffff},
    {(unsigned char *)glyph_298_data, 8, 16, 1, COLOR_FORMAT_MONO, 0xffffffff},
    {(unsigned char *)glyph_299_data, 8, 16, 1, COLOR_FORMAT_MONO, 0xffffffff},
    {(unsigned char *)glyph_300_data, 8, 16, 1, COLOR_FORMAT_MONO, 0xffffffff},
    {(unsigned char *)glyph_301_data, 8, 16, 1, COLOR_FORMAT_MONO, 0xffffffff},
    {(unsigned char *)glyph_302_data, 8, 16, 1, COLOR_FORMAT_MONO, 0xffffffff},
    {(unsigned char *)glyph_303_data, 8, 16, 1, COLOR_FORMAT_MONO, 0xffffffff},
    {(unsigned char *)glyph_304_data, 8, 16, 1, COLOR_FORMAT_MONO, 0xffffffff},
    {(unsigned char *)glyph_305_data, 8, 16, 1, COLOR_FORMAT_MONO, 0xffffffff},
    {(unsigned char *)glyph_306_data, 8, 16, 1, COLOR_FORMAT_MONO, 0xffffffff},
    {(unsigned char *)glyph_307_data, 8, 16, 1, COLOR_FORMAT_MONO, 0xffffffff},
    {(unsigned char *)glyph_308_data, 8, 16, 1, COLOR_FORMAT_MONO, 0xffffffff},
    {(unsigned char *)glyph_309_data, 8, 16, 1, COLOR_FORMAT_MONO, 0xffffffff},
    {(unsigned char *)glyph_310_data, 8, 16, 1, COLOR_FORMAT_MONO, 0xffffffff},
    {(unsigned char *)glyph_311_data, 8, 16, 1, COLOR_FORMAT_MONO, 0xffffffff},
    {(unsigned char *)glyph_312_data, 8, 16, 1, COLOR_FORMAT_MONO, 0xffffffff},
    {(unsigned char *)glyph_313_data, 8, 16, 1, COLOR_FORMAT_MONO, 0xffffffff},
    {(unsigned char *)glyph_314_data, 8, 16, 1, COLOR_FORMAT_MONO, 0xffffffff},
    {(unsigned char *)glyph_315_data, 8, 16, 1, COLOR_FORMAT_MONO, 0xffffffff},
    {(unsigned char *)glyph_316_data, 8, 16, 1, COLOR_FORMAT_MONO, 0xffffffff},
    {(unsigned char *)glyph_317_data, 8, 16, 1, COLOR_FORMAT_MONO, 0xffffffff},
    {(unsigned char *)glyph_318_data, 8, 16, 1, COLOR_FORMAT_MONO, 0xffffffff},
    {(unsigned char *)glyph_319_data, 8, 16, 1, COLOR_FORMAT_MONO, 0xffffffff},
    {(unsigned char *)glyph_320_data, 8, 16, 1, COLOR_FORMAT_MONO, 0xffffffff},
    {(unsigned char *)glyph_321_data, 8, 16, 1, COLOR_FORMAT_MONO, 0xffffffff},
    {(unsigned char *)glyph_322_data, 8, 16, 1, COLOR_FORMAT_MONO, 0xffffffff},
    {(unsigned char *)glyph_323_data, 8, 16, 1, COLOR_FORMAT_MONO, 0xffffffff},
    {(unsigned char *)glyph_324_data, 8, 16, 1, COLOR_FORMAT_MONO, 0xffffffff},
    {(unsigned char *)glyph_325_data, 8, 16, 1, COLOR_FORMAT_MONO, 0xffffffff},
    {(unsigned char *)glyph_326_data, 8, 16, 1, COLOR_FORMAT_MONO, 0xffffffff},
    {(unsigned char *)glyph_327_data, 8, 16, 1, COLOR_FORMAT_MONO, 0xffffffff},
    {(unsigned char *)glyph_328_data, 8, 16, 1, COLOR_FORMAT_MONO, 0xffffffff},
    {(unsigned char *)glyph_329_data, 8, 16, 1, COLOR_FORMAT_MONO, 0xffffffff},
    {(unsigned char *)glyph_330_data, 8, 16, 1, COLOR_FORMAT_MONO, 0xffffffff},
    {(unsigned char *)glyph_331_data, 8, 16, 1, COLOR_FORMAT_MONO, 0xffffffff},
    {(unsigned char *)glyph_332_data, 8, 16, 1, COLOR_FORMAT_MONO, 0xffffffff},
    {(unsigned char *)glyph_333_data, 8, 16, 1, COLOR_FORMAT_MONO, 0xffffffff},
    {(unsigned char *)glyph_334_data, 8, 16, 1, COLOR_FORMAT_MONO, 0xffffffff},
    {(unsigned char *)glyph_335_data, 8, 16, 1, COLOR_FORMAT_MONO, 0xffffffff},
    {(unsigned char *)glyph_336_data, 8, 16, 1, COLOR_FORMAT_MONO, 0xffffffff},
    {(unsigned char *)glyph_337_data, 8, 16, 1, COLOR_FORMAT_MONO, 0xffffffff},
    {(unsigned char *)glyph_338_data, 8, 16, 1, COLOR_FORMAT_MONO, 0xffffffff},
    {(unsigned char *)glyph_339_data, 8, 16, 1, COLOR_FORMAT_MONO, 0xffffffff},
    {(unsigned char *)glyph_340_data, 8, 16, 1, COLOR_FORMAT_MONO, 0xffffffff},
    {(unsigned char *)glyph_341_data, 8, 16, 1, COLOR_FORMAT_MONO, 0xffffffff},
    {(unsigned char *)glyph_342_data, 8, 16, 1, COLOR_FORMAT_MONO, 0xffffffff},
    {(unsigned char *)glyph_343_data, 8, 16, 1, COLOR_FORMAT_MONO, 0xffffffff},
    {(unsigned char *)glyph_344_data, 8, 16, 1, COLOR_FORMAT_MONO, 0xffffffff},
    {(unsigned char *)glyph_345_data, 8, 16, 1, COLOR_FORMAT_MONO, 0xffffffff},
    {(unsigned char *)glyph_346_data, 8, 16, 1, COLOR_FORMAT_MONO, 0xffffffff},
    {(unsigned char *)glyph_347_data, 8, 16, 1, COLOR_FORMAT_MONO, 0xffffffff},
    {(unsigned char *)glyph_348_data, 8, 16, 1, COLOR_FORMAT_MONO, 0xffffffff},
    {(unsigned char *)glyph_349_data, 8, 16, 1, COLOR_FORMAT_MONO, 0xffffffff},
    {(unsigned char *)glyph_350_data, 8, 16, 1, COLOR_FORMAT_MONO, 0xffffffff},
    {(unsigned char *)glyph_351_data, 8, 16, 1, COLOR_FORMAT_MONO, 0xffffffff},
    {(unsigned char *)glyph_352_data, 8, 16, 1, COLOR_FORMAT_MONO, 0xffffffff},
    {(unsigned char *)glyph_353_data, 8, 16, 1, COLOR_FORMAT_MONO, 0xffffffff},
    {(unsigned char *)glyph_354_data, 8, 16, 1, COLOR_FORMAT_MONO, 0xffffffff},
    {(unsigned char *)glyph_355_data, 8, 16, 1, COLOR_FORMAT_MONO, 0xffffffff},
    {(unsigned char *)glyph_356_data, 8, 16, 1, COLOR_FORMAT_MONO, 0xffffffff},
    {(unsigned char *)glyph_357_data, 8, 16, 1, COLOR_FORMAT_MONO, 0xffffffff},
    {(unsigned char *)glyph_358_data, 8, 16, 1, COLOR_FORMAT_MONO, 0xffffffff},
    {(unsigned char *)glyph_359_data, 8, 16, 1, COLOR_FORMAT_MONO, 0xffffffff},
    {(unsigned char *)glyph_360_data, 8, 16, 1, COLOR_FORMAT_MONO, 0xffffffff},
    {(unsigned char *)glyph_361_data, 8, 16, 1, COLOR_FORMAT_MONO, 0xffffffff},
    {(unsigned char *)glyph_362_data, 8, 16, 1, COLOR_FORMAT_MONO, 0xffffffff},
    {(unsigned char *)glyph_363_data, 8, 16, 1, COLOR_FORMAT_MONO, 0xffffffff},
    {(unsigned char *)glyph_364_data, 8, 16, 1, COLOR_FORMAT_MONO, 0xffffffff},
    {(unsigned char *)glyph_365_data, 8, 16, 1, COLOR_FORMAT_MONO, 0xffffffff},
    {(unsigned char *)glyph_366_data, 8, 16, 1, COLOR_FORMAT_MONO, 0xffffffff},
    {(unsigned char *)glyph_367_data, 8, 16, 1, COLOR_FORMAT_MONO, 0xffffffff},
    {(unsigned char *)glyph_368_data, 8, 16, 1, COLOR_FORMAT_MONO, 0xffffffff},
    {(unsigned char *)glyph_369_data, 8, 16, 1, COLOR_FORMAT_MONO, 0xffffffff},
    {(unsigned char *)glyph_370_data, 8, 16, 1, COLOR_FORMAT_MONO, 0xffffffff},
    {(unsigned char *)glyph_371_data, 8, 16, 1, COLOR_FORMAT_MONO, 0xffffffff},
    {(unsigned char *)glyph_372_data, 8, 16, 1, COLOR_FORMAT_MONO, 0xffffffff},
    {(unsigned char *)glyph_373_data, 8, 16, 1, COLOR_FORMAT_MONO, 0xffffffff},
    {(unsigned char *)glyph_374_data, 8, 16, 1, COLOR_FORMAT_MONO, 0xffffffff},
    {(unsigned char *)glyph_375_data, 8, 16, 1, COLOR_FORMAT_MONO, 0xffffffff},
    {(unsigned char *)glyph_376_data, 8, 16, 1, COLOR_FORMAT_MONO, 0xffffffff},
    {(unsigned char *)glyph_377_data, 8, 16, 1, COLOR_FORMAT_MONO, 0xffffffff},
    {(unsigned char *)glyph_378_data, 8, 16, 1, COLOR_FORMAT_MONO, 0xffffffff},
    {(unsigned char *)glyph_379_data, 8, 16, 1, COLOR_FORMAT_MONO, 0xffffffff},
    {(unsigned char *)glyph_380_data, 8, 16, 1, COLOR_FORMAT_MONO, 0xffffffff},
    {(unsigned char *)glyph_381_data, 8, 16, 1, COLOR_FORMAT_MONO, 0xffffffff},
    {(unsigned char *)glyph_382_data, 8, 16, 1, COLOR_FORMAT_MONO, 0xffffffff},
    {(unsigned char *)glyph_383_data, 8, 16, 1, COLOR_FORMAT_MONO, 0xffffffff},
    {(unsigned char *)glyph_384_data, 8, 16, 1, COLOR_FORMAT_MONO, 0xffffffff},
    {(unsigned char *)glyph_385_data, 8, 16, 1, COLOR_FORMAT_MONO, 0xffffffff},
    {(unsigned char *)glyph_386_data, 8, 16, 1, COLOR_FORMAT_MONO, 0xffffffff},
    {(unsigned char *)glyph_387_data, 8, 16, 1, COLOR_FORMAT_MONO, 0xffffffff},
    {(unsigned char *)glyph_388_data, 8, 16, 1, COLOR_FORMAT_MONO, 0xffffffff},
    {(unsigned char *)glyph_389_data, 8, 16, 1, COLOR_FORMAT_MONO, 0xffffffff},
    {(unsigned char *)glyph_390_data, 8, 16, 1, COLOR_FORMAT_MONO, 0xffffffff},
    {(unsigned char *)glyph_391_data, 8, 16, 1, COLOR_FORMAT_MONO, 0xffffffff},
    {(unsigned char *)glyph_392_data, 8, 16, 1, COLOR_FORMAT_MONO, 0xffffffff},
    {(unsigned char *)glyph_393_data, 8, 16, 1, COLOR_FORMAT_MONO, 0xffffffff},
    {(unsigned char *)glyph_394_data, 8, 16, 1, COLOR_FORMAT_MONO, 0xffffffff},
    {(unsigned char *)glyph_395_data, 8, 16, 1, COLOR_FORMAT_MONO, 0xffffffff},
    {(unsigned char *)glyph_396_data, 8, 16, 1, COLOR_FORMAT_MONO, 0xffffffff},
    {(unsigned char *)glyph_397_data, 8, 16, 1, COLOR_FORMAT_MONO, 0xffffffff},
    {(unsigned char *)glyph_398_data, 8, 16, 1, COLOR_FORMAT_MONO, 0xffffffff},
    {(unsigned char *)glyph_399_data, 8, 16, 1, COLOR_FORMAT_MONO, 0xffffffff},
    {(unsigned char *)glyph_400_data, 8, 16, 1, COLOR_FORMAT_MONO, 0xffffffff},
    {(unsigned char *)glyph_401_data, 8, 16, 1, COLOR_FORMAT_MONO, 0xffffffff},
    {(unsigned char *)glyph_402_data, 8, 16, 1, COLOR_FORMAT_MONO, 0xffffffff},
    {(unsigned char *)glyph_403_data, 8, 16, 1, COLOR_FORMAT_MONO, 0xffffffff},
    {(unsigned char *)glyph_404_data, 8, 16, 1, COLOR_FORMAT_MONO, 0xffffffff},
    {(unsigned char *)glyph_405_data, 8, 16, 1, COLOR_FORMAT_MONO, 0xffffffff},
    {(unsigned char *)glyph_406_data, 8, 16, 1, COLOR_FORMAT_MONO, 0xffffffff},
    {(unsigned char *)glyph_407_data, 8, 16, 1, COLOR_FORMAT_MONO, 0xffffffff},
    {(unsigned char *)glyph_408_data, 8, 16, 1, COLOR_FORMAT_MONO, 0xffffffff},
    {(unsigned char *)glyph_409_data, 8, 16, 1, COLOR_FORMAT_MONO, 0xffffffff},
    {(unsigned char *)glyph_410_data, 8, 16, 1, COLOR_FORMAT_MONO, 0xffffffff},
    {(unsigned char *)glyph_411_data, 8, 16, 1, COLOR_FORMAT_MONO, 0xffffffff},
    {(unsigned char *)glyph_412_data, 8, 16, 1, COLOR_FORMAT_MONO, 0xffffffff},
    {(unsigned char *)glyph_413_data, 8, 16, 1, COLOR_FORMAT_MONO, 0xffffffff},
    {(unsigned char *)glyph_414_data, 8, 16, 1, COLOR_FORMAT_MONO, 0xffffffff},
    {(unsigned char *)glyph_415_data, 8, 16, 1, COLOR_FORMAT_MONO, 0xffffffff},
    {(unsigned char *)glyph_416_data, 8, 16, 1, COLOR_FORMAT_MONO, 0xffffffff},
    {(unsigned char *)glyph_417_data, 8, 16, 1, COLOR_FORMAT_MONO, 0xffffffff},
    {(unsigned char *)glyph_418_data, 8, 16, 1, COLOR_FORMAT_MONO, 0xffffffff},
    {(unsigned char *)glyph_419_data, 8, 16, 1, COLOR_FORMAT_MONO, 0xffffffff},
    {(unsigned char *)glyph_420_data, 8, 16, 1, COLOR_FORMAT_MONO, 0xffffffff},
    {(unsigned char *)glyph_421_data, 8, 16, 1, COLOR_FORMAT_MONO, 0xffffffff},
    {(unsigned char *)glyph_422_data, 8, 16, 1, COLOR_FORMAT_MONO, 0xffffffff},
    {(unsigned char *)glyph_423_data, 8, 16, 1, COLOR_FORMAT_MONO, 0xffffffff},
    {(unsigned char *)glyph_424_data, 8, 16, 1, COLOR_FORMAT_MONO, 0xffffffff},
    {(unsigned char *)glyph_425_data, 8, 16, 1, COLOR_FORMAT_MONO, 0xffffffff},
    {(unsigned char *)glyph_426_data, 8, 16, 1, COLOR_FORMAT_MONO, 0xffffffff},
    {(unsigned char *)glyph_427_data, 8, 16, 1, COLOR_FORMAT_MONO, 0xffffffff},
    {(unsigned char *)glyph_428_data, 8, 16, 1, COLOR_FORMAT_MONO, 0xffffffff},
    {(unsigned char *)glyph_429_data, 8, 16, 1, COLOR_FORMAT_MONO, 0xffffffff},
    {(unsigned char *)glyph_430_data, 8, 16, 1, COLOR_FORMAT_MONO, 0xffffffff},
    {(unsigned char *)glyph_431_data, 8, 16, 1, COLOR_FORMAT_MONO, 0xffffffff},
    {(unsigned char *)glyph_432_data, 8, 16, 1, COLOR_FORMAT_MONO, 0xffffffff},
    {(unsigned char *)glyph_433_data, 8, 16, 1, COLOR_FORMAT_MONO, 0xffffffff},
    {(unsigned char *)glyph_434_data, 8, 16, 1, COLOR_FORMAT_MONO, 0xffffffff},
    {(unsigned char *)glyph_435_data, 8, 16, 1, COLOR_FORMAT_MONO, 0xffffffff},
    {(unsigned char *)glyph_436_data, 8, 16, 1, COLOR_FORMAT_MONO, 0xffffffff},
    {(unsigned char *)glyph_437_data, 8, 16, 1, COLOR_FORMAT_MONO, 0xffffffff},
    {(unsigned char *)glyph_438_data, 8, 16, 1, COLOR_FORMAT_MONO, 0xffffffff},
    {(unsigned char *)glyph_439_data, 8, 16, 1, COLOR_FORMAT_MONO, 0xffffffff},
    {(unsigned char *)glyph_440_data, 8, 16, 1, COLOR_FORMAT_MONO, 0xffffffff},
    {(unsigned char *)glyph_441_data, 8, 16, 1, COLOR_FORMAT_MONO, 0xffffffff},
    {(unsigned char *)glyph_442_data, 8, 16, 1, COLOR_FORMAT_MONO, 0xffffffff},
    {(unsigned char *)glyph_443_data, 8, 16, 1, COLOR_FORMAT_MONO, 0xffffffff},
    {(unsigned char *)glyph_444_data, 8, 16, 1, COLOR_FORMAT_MONO, 0xffffffff},
    {(unsigned char *)glyph_445_data, 8, 16, 1, COLOR_FORMAT_MONO, 0xffffffff},
    {(unsigned char *)glyph_446_data, 8, 16, 1, COLOR_FORMAT_MONO, 0xffffffff},
    {(unsigned char *)glyph_447_data, 8, 16, 1, COLOR_FORMAT_MONO, 0xffffffff},
    {(unsigned char *)glyph_448_data, 8, 16, 1, COLOR_FORMAT_MONO, 0xffffffff},
    {(unsigned char *)glyph_449_data, 8, 16, 1, COLOR_FORMAT_MONO, 0xffffffff},
    {(unsigned char *)glyph_450_data, 8, 16, 1, COLOR_FORMAT_MONO, 0xffffffff},
    {(unsigned char *)glyph_451_data, 8, 16, 1, COLOR_FORMAT_MONO, 0xffffffff},
    {(unsigned char *)glyph_452_data, 8, 16, 1, COLOR_FORMAT_MONO, 0xffffffff},
    {(unsigned char *)glyph_453_data, 8, 16, 1, COLOR_FORMAT_MONO, 0xffffffff},
    {(unsigned char *)glyph_454_data, 8, 16, 1, COLOR_FORMAT_MONO, 0xffffffff},
    {(unsigned char *)glyph_455_data, 8, 16, 1, COLOR_FORMAT_MONO, 0xffffffff},
    {(unsigned char *)glyph_456_data, 8, 16, 1, COLOR_FORMAT_MONO, 0xffffffff},
    {(unsigned char *)glyph_457_data, 8, 16, 1, COLOR_FORMAT_MONO, 0xffffffff},
    {(unsigned char *)glyph_458_data, 8, 16, 1, COLOR_FORMAT_MONO, 0xffffffff},
    {(unsigned char *)glyph_459_data, 8, 16, 1, COLOR_FORMAT_MONO, 0xffffffff},
    {(unsigned char *)glyph_460_data, 8, 16, 1, COLOR_FORMAT_MONO, 0xffffffff},
    {(unsigned char *)glyph_461_data, 8, 16, 1, COLOR_FORMAT_MONO, 0xffffffff},
    {(unsigned char *)glyph_462_data, 8, 16, 1, COLOR_FORMAT_MONO, 0xffffffff},
    {(unsigned char *)glyph_463_data, 8, 16, 1, COLOR_FORMAT_MONO, 0xffffffff},
    {(unsigned char *)glyph_464_data, 8, 16, 1, COLOR_FORMAT_MONO, 0xffffffff},
    {(unsigned char *)glyph_465_data, 8, 16, 1, COLOR_FORMAT_MONO, 0xffffffff},
    {(unsigned char *)glyph_466_data, 8, 16, 1, COLOR_FORMAT_MONO, 0xffffffff},
    {(unsigned char *)glyph_467_data, 8, 16, 1, COLOR_FORMAT_MONO, 0xffffffff},
    {(unsigned char *)glyph_468_data, 8, 16, 1, COLOR_FORMAT_MONO, 0xffffffff},
    {(unsigned char *)glyph_469_data, 8, 16, 1, COLOR_FORMAT_MONO, 0xffffffff},
    {(unsigned char *)glyph_470_data, 8, 16, 1, COLOR_FORMAT_MONO, 0xffffffff},
    {(unsigned char *)glyph_471_data, 8, 16, 1, COLOR_FORMAT_MONO, 0xffffffff},
    {(unsigned char *)glyph_472_data, 8, 16, 1, COLOR_FORMAT_MONO, 0xffffffff},
    {(unsigned char *)glyph_473_data, 8, 16, 1, COLOR_FORMAT_MONO, 0xffffffff},
    {(unsigned char *)glyph_474_data, 8, 16, 1, COLOR_FORMAT_MONO, 0xffffffff},
    {(unsigned char *)glyph_475_data, 8, 16, 1, COLOR_FORMAT_MONO, 0xffffffff},
    {(unsigned char *)glyph_476_data, 8, 16, 1, COLOR_FORMAT_MONO, 0xffffffff},
    {(unsigned char *)glyph_477_data, 8, 16, 1, COLOR_FORMAT_MONO, 0xffffffff},
    {(unsigned char *)glyph_478_data, 8, 16, 1, COLOR_FORMAT_MONO, 0xffffffff},
    {(unsigned char *)glyph_479_data, 8, 16, 1, COLOR_FORMAT_MONO, 0xffffffff},
    {(unsigned char *)glyph_480_data, 8, 16, 1, COLOR_FORMAT_MONO, 0xffffffff},
    {(unsigned char *)glyph_481_data, 8, 16, 1, COLOR_FORMAT_MONO, 0xffffffff},
    {(unsigned char *)glyph_482_data, 8, 16, 1, COLOR_FORMAT_MONO, 0xffffffff},
    {(unsigned char *)glyph_483_data, 8, 16, 1, COLOR_FORMAT_MONO, 0xffffffff},
    {(unsigned char *)glyph_484_data, 8, 16, 1, COLOR_FORMAT_MONO, 0xffffffff},
    {(unsigned char *)glyph_485_data, 8, 16, 1, COLOR_FORMAT_MONO, 0xffffffff},
    {(unsigned char *)glyph_486_data, 8, 16, 1, COLOR_FORMAT_MONO, 0xffffffff},
    {(unsigned char *)glyph_487_data, 8, 16, 1, COLOR_FORMAT_MONO, 0xffffffff},
    {(unsigned char *)glyph_488_data, 8, 16, 1, COLOR_FORMAT_MONO, 0xffffffff},
    {(unsigned char *)glyph_489_data, 8, 16, 1, COLOR_FORMAT_MONO, 0xffffffff},
    {(unsigned char *)glyph_490_data, 8, 16, 1, COLOR_FORMAT_MONO, 0xffffffff},
    {(unsigned char *)glyph_491_data, 8, 16, 1, COLOR_FORMAT_MONO, 0xffffffff},
    {(unsigned char *)glyph_492_data, 8, 16, 1, COLOR_FORMAT_MONO, 0xffffffff},
    {(unsigned char *)glyph_493_data, 8, 16, 1, COLOR_FORMAT_MONO, 0xffffffff},
    {(unsigned char *)glyph_494_data, 8, 16, 1, COLOR_FORMAT_MONO, 0xffffffff},
    {(unsigned char *)glyph_495_data, 8, 16, 1, COLOR_FORMAT_MONO, 0xffffffff},
    {(unsigned char *)glyph_496_data, 8, 16, 1, COLOR_FORMAT_MONO, 0xffffffff},
    {(unsigned char *)glyph_497_data, 8, 16, 1, COLOR_FORMAT_MONO, 0xffffffff},
    {(unsigned char *)glyph_498_data, 8, 16, 1, COLOR_FORMAT_MONO, 0xffffffff},
    {(unsigned char *)glyph_499_data, 8, 16, 1, COLOR_FORMAT_MONO, 0xffffffff},
    {(unsigned char *)glyph_500_data, 8, 16, 1, COLOR_FORMAT_MONO, 0xffffffff},
    {(unsigned char *)glyph_501_data, 8, 16, 1, COLOR_FORMAT_MONO, 0xffffffff},
    {(unsigned char *)glyph_502_data, 8, 16, 1, COLOR_FORMAT_MONO, 0xffffffff},
    {(unsigned char *)glyph_503_data, 8, 16, 1, COLOR_FORMAT_MONO, 0xffffffff},
    {(unsigned char *)glyph_504_data, 8, 16, 1, COLOR_FORMAT_MONO, 0xffffffff},
    {(unsigned char *)glyph_505_data, 8, 16, 1, COLOR_FORMAT_MONO, 0xffffffff},
    {(unsigned char *)glyph_506_data, 8, 16, 1, COLOR_FORMAT_MONO, 0xffffffff},
    {(unsigned char *)glyph_507_data, 8, 16, 1, COLOR_FORMAT_MONO, 0xffffffff},
    {(unsigned char *)glyph_508_data, 8, 16, 1, COLOR_FORMAT_MONO, 0xffffffff},
    {(unsigned char *)glyph_509_data, 8, 16, 1, COLOR_FORMAT_MONO, 0xffffffff},
    {(unsigned char *)glyph_510_data, 8, 16, 1, COLOR_FORMAT_MONO, 0xffffffff},
    {(unsigned char *)glyph_511_data, 8, 16, 1, COLOR_FORMAT_MONO, 0xffffffff},
};
